trigger_id,initiating_owner_key,decision_owner_key,trigger_family,trigger_name,admission_event,movement_class,principal_selector_rule,required_or_possible_named_roles,aggregate_profile_candidate,origin_rule,destination_rule,timing_rule,host_or_receiver_rule,completion_disposition,matter_if,downstream_effects,journey_service_is_execution_owner,source_candidate_only,runtime_authority,authority_boundary
JRN-001,courtos.responsibility.household_stores_provisioning_procurement,courtos.responsibility.household_stores_provisioning_procurement,material_support,Supplier collection or delivery,A qualified procurement or replenishment request is accepted by the material gateway.,background_transport,no_named_principal_by_default,named carrier only if an admitted named officeholder actually performs the route,freight_or_local_delivery,actual_admitted_presence_at_departure_cutpoint,admitted supplier and receiving store/custody anchor,qualified delivery window,receiver capacity and custody acceptance; not hospitality,delivered_or_failed,delivery cannot be completed within reserve or timing bounds,stock/custody/delivery evidence; possible fee and supply matter,False,True,False,requirements_and_readiness_only_no_journey_execution_no_person_movement_no_presence_mutation_no_route_promotion_no_lodging_admission_no_hosting_history_no_gl_or_resource_mutation_no_runtime_schema_ui_fixture_or_golden
JRN-002,courtos.responsibility.household_stores_provisioning_procurement,courtos.responsibility.household_stores_provisioning_procurement,material_support,Routine procurement or stores circuit,One accountable manager covers multiple admitted supply locations under an accepted assignment.,derived_service_mobility,assigned owner or supporter,owner; supporter where separately assigned,light_service_circuit,actual_admitted_presence_at_departure_cutpoint,assigned supply/store locations only,derived annual itinerary,no host unless an independently admitted stay is required,coverage_completed_or_undercovered,route load makes assigned coverage infeasible,annual PAS/presence load and coverage evidence,False,True,False,requirements_and_readiness_only_no_journey_execution_no_person_movement_no_presence_mutation_no_route_promotion_no_lodging_admission_no_hosting_history_no_gl_or_resource_mutation_no_runtime_schema_ui_fixture_or_golden
JRN-003,courtos.responsibility.adult_kin_support,courtos.responsibility.adult_kin_support,placement,Adult-kin residence reassignment,The competent House authority accepts a new residence/support arrangement for a named adult kin member.,named_journey,person_whose_residence_changes,subject; guardian/escort if required; relocating spouse/dependants if included by the support instrument,household_transfer,actual_admitted_presence_at_departure_cutpoint,accepted residence with support and receiving accountability,effective month from the support arrangement,receiving House/site acceptance required when outside the current House's direct control,remain,"destination, support, custody, route, or timing cannot be admitted",presence/residence/support change; origin and destination burdens; ART evidence,True,True,False,requirements_and_readiness_only_no_journey_execution_no_person_movement_no_presence_mutation_no_route_promotion_no_lodging_admission_no_hosting_history_no_gl_or_resource_mutation_no_runtime_schema_ui_fixture_or_golden
JRN-004,courtos.responsibility.adult_kin_support,courtos.responsibility.adult_kin_support,placement,External adult support placement or return,"An admitted support/service arrangement begins, ends, or is superseded at another location.",named_journey,supported_adult,subject; sponsor/delegate; escort where required; spouse/dependants only if instrument includes them,household_transfer,actual_admitted_presence_at_departure_cutpoint,"accepted service, maintenance, benefice, or host setting",instrument effective month,receiving authority acceptance required,remain_or_return,"placement fails, support is refused, or subject does not arrive","support arrangement, residence, service, Knowledge, and ART evidence",True,True,False,requirements_and_readiness_only_no_journey_execution_no_person_movement_no_presence_mutation_no_route_promotion_no_lodging_admission_no_hosting_history_no_gl_or_resource_mutation_no_runtime_schema_ui_fixture_or_golden
JRN-005,courtos.responsibility.education_formation,courtos.responsibility.education_formation,education_transfer,Initial off-site education and hosting transfer,A linked Education and Guardianship/Hosting commitment is atomically accepted for an off-site learner.,named_journey,learner,learner; guardian/custodian; escort; responsible party only if chosen; provider only if travelling for collection,education_transfer,actual_admitted_presence_at_departure_cutpoint,accepted provider/host location from the linked commitments,service commencement month,provider and host capacity/acceptance both required,remain,"either linked commitment, route, custody handover, or support leg fails",learner presence/custody; origin absence; host burden; education start; ART evidence,True,True,False,requirements_and_readiness_only_no_journey_execution_no_person_movement_no_presence_mutation_no_route_promotion_no_lodging_admission_no_hosting_history_no_gl_or_resource_mutation_no_runtime_schema_ui_fixture_or_golden
JRN-006,courtos.responsibility.education_formation,courtos.responsibility.education_formation,education_transfer,Provider or host change,An existing education arrangement is superseded by a new accepted provider/host arrangement.,named_journey,learner,learner; current/new custodian; escort; provider only when required by handover,education_transfer,actual_admitted_presence_at_departure_cutpoint,new accepted provider/host location,supersession effective month,old release and new acceptance/custody required,remain,atomic replacement cannot be completed,old/new arrangement closure; presence/custody; education continuity; ART evidence,True,True,False,requirements_and_readiness_only_no_journey_execution_no_person_movement_no_presence_mutation_no_route_promotion_no_lodging_admission_no_hosting_history_no_gl_or_resource_mutation_no_runtime_schema_ui_fixture_or_golden
JRN-007,courtos.responsibility.education_formation,courtos.responsibility.education_formation,education_transfer,Education completion or return,"The arrangement ends, the learner ages out, or the competent party orders a lawful return.",named_journey,learner,learner; escort/custodian where required,education_transfer,actual_admitted_presence_at_departure_cutpoint,accepted return residence or onward placement,completion or termination month,destination support acceptance required,return_or_onward,no lawful or supported destination is available,education closure; residence/custody; Household burden; ART evidence,True,True,False,requirements_and_readiness_only_no_journey_execution_no_person_movement_no_presence_mutation_no_route_promotion_no_lodging_admission_no_hosting_history_no_gl_or_resource_mutation_no_runtime_schema_ui_fixture_or_golden
JRN-008,service.health_engine_service,courtos.responsibility.household_service_care,health_and_safety,Care-setting transfer,The Health Engine exposes a serious/persistent care need and the responsible party selects an admitted external care setting.,named_journey,sick_person,sick person; caregiver; guardian/custodian if applicable; escort,protected_care_transfer,actual_admitted_presence_at_departure_cutpoint,accepted care provider/setting,care commitment effective month,provider acceptance and safe custody/support required,remain_or_return,"care setting, route, or required support is unavailable",presence; care coverage; illness-severity evidence; modest mortality influence; ART evidence,True,True,False,requirements_and_readiness_only_no_journey_execution_no_person_movement_no_presence_mutation_no_route_promotion_no_lodging_admission_no_hosting_history_no_gl_or_resource_mutation_no_runtime_schema_ui_fixture_or_golden
JRN-009,service.health_engine_service,courtos.responsibility.household_service_care,health_and_safety,Emergency evacuation or protected health move,A qualified safety/health event makes current placement untenable and supplies a competent emergency basis.,named_journey,person_at_risk,person at risk; caregiver; guardian/custodian; escort commander where required,protected_care_transfer,actual_admitted_presence_at_departure_cutpoint,pre-admitted safe destination or accepted emergency receiver,immediate qualified cutpoint,destination and safety route may not be invented,remain_return_or_divert,no safe destination/route or the move materially worsens risk,presence; care/security exceptions; origin coverage; Knowledge and ART evidence,True,True,False,requirements_and_readiness_only_no_journey_execution_no_person_movement_no_presence_mutation_no_route_promotion_no_lodging_admission_no_hosting_history_no_gl_or_resource_mutation_no_runtime_schema_ui_fixture_or_golden
JRN-010,courtos.responsibility.marriage_dynasty_stewardship,courtos.responsibility.marriage_dynasty_stewardship,marriage,Purpose-bound introduction or courtship visit,A viable marriage lead and both Houses admit an in-person visit as part of the offer package.,named_journey,prospective_spouse_or_house_representative,prospective spouse; responsible representative; guardian for a minor; companion/chaperone; negotiator,small_noble_retinue,actual_admitted_presence_at_departure_cutpoint,"accepted House, court, church, or neutral venue",pre-betrothal month selected by the marriage lifecycle,both counterparties and venue/host must accept,return,"offer lapses, host refuses, route fails, or superseding event occurs",Knowledge; courtship opportunity; hosting; correspondence; attributable ART evidence,True,True,False,requirements_and_readiness_only_no_journey_execution_no_person_movement_no_presence_mutation_no_route_promotion_no_lodging_admission_no_hosting_history_no_gl_or_resource_mutation_no_runtime_schema_ui_fixture_or_golden
JRN-011,courtos.responsibility.marriage_dynasty_stewardship,courtos.responsibility.marriage_dynasty_stewardship,marriage,Marriage ceremony attendance,A recognized marriage contract reaches its admitted ceremony month and required approvals remain valid.,named_journey,travelling_spouse_or_primary_house_party,both spouses if travelling; guardian/HoH representative where required; close kin selected for attendance; chaplain/witness only when named and required,ceremonial_retinue,actual_admitted_presence_at_departure_cutpoint,contracted venue church and hosting location,contracted ceremony month after route feasibility,venue Church and host acceptance required,return_or_onward,"death, disqualifying health, superseding authority event, route failure, or recognition failure",ceremony/union evidence; hosting/material burden; ART review; residence handoff,True,True,False,requirements_and_readiness_only_no_journey_execution_no_person_movement_no_presence_mutation_no_route_promotion_no_lodging_admission_no_hosting_history_no_gl_or_resource_mutation_no_runtime_schema_ui_fixture_or_golden
JRN-012,service.marriage_lifecycle_marketplace_service,courtos.responsibility.marriage_dynasty_stewardship,marriage,Post-union residence transfer,The union is admitted and one or both spouses must move to the contracted residence.,named_journey,spouse_changing_residence,spouse; accompanying dependants; escort; household transfer participants named in the contract,household_transfer,actual_admitted_presence_at_departure_cutpoint,contracted marital residence,same or next feasible month after ceremony in sequence,receiving Household accountability must exist,remain,contracted residence or safe route is unavailable,immediate residence change on arrival; Household support; fertility eligibility; ART evidence,True,True,False,requirements_and_readiness_only_no_journey_execution_no_person_movement_no_presence_mutation_no_route_promotion_no_lodging_admission_no_hosting_history_no_gl_or_resource_mutation_no_runtime_schema_ui_fixture_or_golden
JRN-013,courtos.responsibility.patronage_hospitality_gifts,courtos.responsibility.patronage_hospitality_gifts,social_visit,"Accepted outbound hospitality, kin, patronage, or courtesy visit",A named invitation/request is accepted by visitor and host within authority and policy bounds.,named_journey,named_visitor_or_house_representative,principal visitor; spouse/kin invited by name; representative; chaplain or companion when purpose requires,small_noble_retinue,actual_admitted_presence_at_departure_cutpoint,"accepted host residence, court, or institution",accepted visit window,accepted Hosting/Visit Arrangement required,return_or_onward,"host capacity, route, support, timing, or authority fails",actual guest person-days; Food/Goods/HSU; exceptional Coin only through gateway; Knowledge and ART evidence,True,True,False,requirements_and_readiness_only_no_journey_execution_no_person_movement_no_presence_mutation_no_route_promotion_no_lodging_admission_no_hosting_history_no_gl_or_resource_mutation_no_runtime_schema_ui_fixture_or_golden
JRN-014,courtos.responsibility.patronage_hospitality_gifts,courtos.responsibility.patronage_hospitality_gifts,social_visit,Host acceptance of an incoming named visit,Another party proposes a visit and House policy cannot or should not resolve it automatically.,host_binding_only,no_host_travel_principal,host decision-maker; receiving officer only as responsibility context,not_applicable,actual_admitted_presence_at_departure_cutpoint,host's admitted receiving location,before visitor departure or qualified en-route request,"accept, limit, redirect, or refuse; no arrival is presumed",host_binding_result,"request exceeds authority, lodging, stores, security, or schedule bounds",Hosting/Visit Arrangement or refusal; no person-days until arrival,False,True,False,requirements_and_readiness_only_no_journey_execution_no_person_movement_no_presence_mutation_no_route_promotion_no_lodging_admission_no_hosting_history_no_gl_or_resource_mutation_no_runtime_schema_ui_fixture_or_golden
JRN-015,courtos.responsibility.patronage_hospitality_gifts,courtos.responsibility.patronage_hospitality_gifts,social_visit,"External hunt, honour, feast, or patronage appearance",A named occasion at another location is accepted as materially consequential attendance.,named_journey,invited_or_sponsoring_principal,principal; selected kin; honouree; chaplain/representative where required,ceremonial_retinue,actual_admitted_presence_at_departure_cutpoint,accepted occasion location,occasion window,host/venue acceptance required,return_or_onward,"occasion, host, route, or support becomes unavailable",hosting/material burden; public/relationship evidence; ART contribution,True,True,False,requirements_and_readiness_only_no_journey_execution_no_person_movement_no_presence_mutation_no_route_promotion_no_lodging_admission_no_hosting_history_no_gl_or_resource_mutation_no_runtime_schema_ui_fixture_or_golden
JRN-016,courtos.responsibility.manor_stewardship,courtos.responsibility.manor_stewardship,estate_presence,Personal or commissioned manor inspection,The HoH or scoped owner selects an in-person inspection rather than an admitted remote report.,named_journey,selected_inspector,"HoH, owner, or commissioned inspector; local operator joins at destination but does not travel unless summoned",inspection_party,actual_admitted_presence_at_departure_cutpoint,exact manor instance,scheduled month in the next three-year cycle,House-controlled destination needs no external host; lodging/support must still be feasible,return_or_onward,"route, presence, inspection authority, or local reception fails",knowledge-quality upgrade; instructions effective at visit; absence/PAS; manor report; possible ART evidence,True,True,False,requirements_and_readiness_only_no_journey_execution_no_person_movement_no_presence_mutation_no_route_promotion_no_lodging_admission_no_hosting_history_no_gl_or_resource_mutation_no_runtime_schema_ui_fixture_or_golden
JRN-017,courtos.responsibility.manor_stewardship,courtos.responsibility.manor_stewardship,estate_presence,In-person operator conference,The authority chooses to summon the operator or travel to the operator rather than use correspondence.,named_journey,party_selected_to_travel,HoH/owner or local operator; clerk/supporter if required,individual_or_light_party,actual_admitted_presence_at_departure_cutpoint,selected House seat or manor,scheduled review month,receiving House-controlled site must have lodging/support,return,"summons, route, or responsibility coverage makes attendance infeasible",direct report/Knowledge; instructions; origin coverage interruption; possible ART evidence,True,True,False,requirements_and_readiness_only_no_journey_execution_no_person_movement_no_presence_mutation_no_route_promotion_no_lodging_admission_no_hosting_history_no_gl_or_resource_mutation_no_runtime_schema_ui_fixture_or_golden
JRN-018,courtos.responsibility.manor_stewardship,courtos.responsibility.manor_stewardship,estate_presence,Routine local manor operation,The resident operator performs customary work and reports without a selected external visit.,local_or_remote_no_journey,resident_operator,owner and supporters at their admitted work location,not_applicable,actual_admitted_presence_at_departure_cutpoint,current manor,continuous/annual,not_applicable,local_work_or_report,operator is absent or undercovered,"manor operation, report, matter; no travel",False,True,False,requirements_and_readiness_only_no_journey_execution_no_person_movement_no_presence_mutation_no_route_promotion_no_lodging_admission_no_hosting_history_no_gl_or_resource_mutation_no_runtime_schema_ui_fixture_or_golden
JRN-019,courtos.responsibility.estate_fabric_maintenance_oversight,courtos.responsibility.estate_fabric_maintenance_oversight,estate_presence,Commissioned estate-condition inspection,A condition/maintenance question requires a named physical inspection rather than existing evidence.,named_journey,commissioned_inspector,owner or supporter; specialist if already named and actually assigned,inspection_party,actual_admitted_presence_at_departure_cutpoint,exact admitted asset/location,scheduled inspection window,external/institutional site acceptance where House control is absent,return_or_onward,"access, route, authority, or evidence need is not admitted",condition evidence; maintenance priority; Knowledge; PAS/presence,True,True,False,requirements_and_readiness_only_no_journey_execution_no_person_movement_no_presence_mutation_no_route_promotion_no_lodging_admission_no_hosting_history_no_gl_or_resource_mutation_no_runtime_schema_ui_fixture_or_golden
JRN-020,courtos.responsibility.estate_fabric_maintenance_oversight,courtos.responsibility.estate_fabric_maintenance_oversight,estate_presence,Routine multi-site condition circuit,One owner/supporter covers more than one admitted estate location.,derived_service_mobility,assigned_owner_or_supporter,owner; assigned support,light_service_circuit,actual_admitted_presence_at_departure_cutpoint,assigned asset/location portfolio,annual derived itinerary,external access only where the portfolio includes it,coverage_completed_or_undercovered,travel load or incompatible presence makes coverage infeasible,annual mobility/PAS load and coverage confidence,False,True,False,requirements_and_readiness_only_no_journey_execution_no_person_movement_no_presence_mutation_no_route_promotion_no_lodging_admission_no_hosting_history_no_gl_or_resource_mutation_no_runtime_schema_ui_fixture_or_golden
JRN-021,courtos.responsibility.works_project_supervision,courtos.responsibility.works_project_supervision,project,"Project mobilization, inspection, variance review, or handover",An accepted project reaches a stage requiring the named supervisor or competent delegate to be physically present.,named_journey,project_supervisor_or_delegate,supervisor; commissioned specialist if already named; appointing authority only when retained,inspection_party,actual_admitted_presence_at_departure_cutpoint,accepted project site,project milestone window,site access and project authority required,return_or_onward,"stage, route, access, or coverage is blocked",project evidence; instructions; completion/variance recommendation; PAS/presence,True,True,False,requirements_and_readiness_only_no_journey_execution_no_person_movement_no_presence_mutation_no_route_promotion_no_lodging_admission_no_hosting_history_no_gl_or_resource_mutation_no_runtime_schema_ui_fixture_or_golden
JRN-022,courtos.responsibility.works_project_supervision,courtos.responsibility.works_project_supervision,project,"Project material, labor, and equipment delivery",The project gateway accepts a qualified resource or service request.,background_transport,no_named_principal_by_default,named custodian only when an admitted office requires it,project_freight,actual_admitted_presence_at_departure_cutpoint,accepted project site and custody point,project schedule window,site custody acceptance; not hospitality,delivered_or_failed,"route, supplier, labor, capacity, or custody fails",material/labor gateway receipts; fees; project schedule evidence,False,True,False,requirements_and_readiness_only_no_journey_execution_no_person_movement_no_presence_mutation_no_route_promotion_no_lodging_admission_no_hosting_history_no_gl_or_resource_mutation_no_runtime_schema_ui_fixture_or_golden
JRN-023,courtos.responsibility.franchise_operations,courtos.responsibility.franchise_operations,facility_operation,Routine facility/franchise circuit,An accountable owner/supporter covers multiple exact operating sites.,derived_service_mobility,assigned_operator_or_supervisor,owner; support; named local operator remains local,light_service_circuit,actual_admitted_presence_at_departure_cutpoint,exact operating package sites,annual derived itinerary,right/access basis controls entry,coverage_completed_or_undercovered,multi-site travel makes operation or oversight infeasible,facility coverage/PAS; route load; operating report,False,True,False,requirements_and_readiness_only_no_journey_execution_no_person_movement_no_presence_mutation_no_route_promotion_no_lodging_admission_no_hosting_history_no_gl_or_resource_mutation_no_runtime_schema_ui_fixture_or_golden
JRN-024,courtos.responsibility.franchise_operations,courtos.responsibility.franchise_operations,facility_operation,Exceptional franchise-site response or inspection,"A qualified access, custody, crowd, right, or operating Matter requires named presence.",named_journey,competent_operator_or_delegate,"owner, operator, or delegate; security/fiscal participant only if separately required",inspection_party,actual_admitted_presence_at_departure_cutpoint,exact facility/right location,matter deadline/window,right/access and receiving control required,return_or_onward,"authority, route, access, or support fails",operating/right evidence; Matter disposition; PAS/presence; possible ART,True,True,False,requirements_and_readiness_only_no_journey_execution_no_person_movement_no_presence_mutation_no_route_promotion_no_lodging_admission_no_hosting_history_no_gl_or_resource_mutation_no_runtime_schema_ui_fixture_or_golden
JRN-025,courtos.responsibility.portfolio_oversight,courtos.responsibility.portfolio_oversight,estate_presence,Multi-stop lordly progress or commissioned portfolio review,The HoH or portfolio owner admits one itinerary spanning compatible site purposes.,named_journey,selected_principal_or_inspector,HoH/portfolio owner or commissioned delegate; selected clerk/supporter,progress_retinue,actual_admitted_presence_at_departure_cutpoint,ordered exact portfolio locations,one scheduled itinerary window,each external/third-party stop needs access/host acceptance,return_or_onward,a required stop or route breaks the admitted purpose,deduplicated site visits; Knowledge; instructions; PAS/presence; hosting at non-owned stops,True,True,False,requirements_and_readiness_only_no_journey_execution_no_person_movement_no_presence_mutation_no_route_promotion_no_lodging_admission_no_hosting_history_no_gl_or_resource_mutation_no_runtime_schema_ui_fixture_or_golden
JRN-026,courtos.responsibility.portfolio_oversight,courtos.responsibility.portfolio_oversight,estate_presence,Delegated portfolio coverage circuit,Assigned coverage implies routine travel among multiple locations without a selected player-facing progress.,derived_service_mobility,portfolio_owner_or_supporter,owner and assigned support,light_service_circuit,actual_admitted_presence_at_departure_cutpoint,exact portfolio locations,annual derived itinerary,access basis from each constituent assignment,coverage_completed_or_undercovered,route load conflicts with coverage or other commitments,PAS/presence load; synthesized coverage confidence,False,True,False,requirements_and_readiness_only_no_journey_execution_no_person_movement_no_presence_mutation_no_route_promotion_no_lodging_admission_no_hosting_history_no_gl_or_resource_mutation_no_runtime_schema_ui_fixture_or_golden
JRN-027,courtos.responsibility.house_fiscal_administration,courtos.responsibility.house_fiscal_administration,fiscal_custody,"Named treasury, custody, or audit visit","A material discrepancy, handover, or retained review requires the competent fiscal actor at another custody node.",named_journey,competent_fiscal_actor,fiscal owner/supporter; custody officer; HoH only when retained,protected_fiscal_visit,actual_admitted_presence_at_departure_cutpoint,exact treasury/custody node,matter deadline/window,custodian access and security support required,return_or_onward,"custody, access, route, or authority fails",fiscal evidence; discrepancy/handover result; PAS/presence; possible integrity/ART evidence,True,True,False,requirements_and_readiness_only_no_journey_execution_no_person_movement_no_presence_mutation_no_route_promotion_no_lodging_admission_no_hosting_history_no_gl_or_resource_mutation_no_runtime_schema_ui_fixture_or_golden
JRN-028,courtos.responsibility.house_fiscal_administration,courtos.responsibility.house_fiscal_administration,fiscal_custody,"Coin, treasure, or remittance movement",An admitted fiscal instrument requires physical transfer between custody nodes.,background_transport,no_named_noble_by_default,named custodian/escort commander only if an admitted post actually fills that role,treasure_convoy,actual_admitted_presence_at_departure_cutpoint,exact receiving treasury/custody node,instrument due window,receiving custody and security acceptance required,delivered_or_failed,"custody, route, fee, security, or reconciliation fails",balanced Coin/custody/remittance receipt; no automatic noble presence,False,True,False,requirements_and_readiness_only_no_journey_execution_no_person_movement_no_presence_mutation_no_route_promotion_no_lodging_admission_no_hosting_history_no_gl_or_resource_mutation_no_runtime_schema_ui_fixture_or_golden
JRN-029,courtos.responsibility.manor_fiscal_administration,courtos.responsibility.manor_fiscal_administration,fiscal_custody,Routine manor fiscal circuit,One fiscal owner/supporter covers multiple manor instances.,derived_service_mobility,assigned_fiscal_actor,owner and support,light_service_circuit,actual_admitted_presence_at_departure_cutpoint,assigned manor fiscal instances,annual derived itinerary,House-controlled access unless an instrument says otherwise,coverage_completed_or_undercovered,route load conflicts with fiscal deadlines or custody,PAS/presence; local book and reconciliation confidence,False,True,False,requirements_and_readiness_only_no_journey_execution_no_person_movement_no_presence_mutation_no_route_promotion_no_lodging_admission_no_hosting_history_no_gl_or_resource_mutation_no_runtime_schema_ui_fixture_or_golden
JRN-030,courtos.responsibility.manor_fiscal_administration,courtos.responsibility.manor_fiscal_administration,fiscal_custody,Manor-to-House remittance,The House fiscal authority issues or standing policy schedules an exact treasury transfer from a manor custody node.,background_transport,no_named_noble_by_default,named custodian/escort only when the admitted service post requires it,treasure_convoy,actual_admitted_presence_at_departure_cutpoint,House treasury/custody node,authorized demand/due window,origin and destination custody plus security route required,delivered_or_failed,"funds are unavailable, skimmed/lost, delayed, or custody fails",balanced Coin/custody receipt; manor and House reconciliation; possible loss/skimming Matter,False,True,False,requirements_and_readiness_only_no_journey_execution_no_person_movement_no_presence_mutation_no_route_promotion_no_lodging_admission_no_hosting_history_no_gl_or_resource_mutation_no_runtime_schema_ui_fixture_or_golden
JRN-031,courtos.responsibility.revenue_right_administration_collection,courtos.responsibility.revenue_right_administration_collection,right_collection,Routine collection and administration circuit,One owner/supporter administers multiple collection points or rights requiring periodic physical rounds.,derived_service_mobility,assigned_collector_or_administrator,owner/support; local collector remains at admitted site,collection_circuit,actual_admitted_presence_at_departure_cutpoint,exact right/collection locations,annual obligation/calendar,right and access basis required,coverage_completed_or_undercovered,"travel load, resistance, access, or custody blocks collection",PAS/presence; collection confidence; grievance/exception evidence,False,True,False,requirements_and_readiness_only_no_journey_execution_no_person_movement_no_presence_mutation_no_route_promotion_no_lodging_admission_no_hosting_history_no_gl_or_resource_mutation_no_runtime_schema_ui_fixture_or_golden
JRN-032,courtos.responsibility.revenue_right_administration_collection,courtos.responsibility.revenue_right_administration_collection,right_collection,Collected revenue delivery,An admitted right produces a due resource or Coin transfer to its beneficiary/custody node.,background_transport,no_named_noble_by_default,named collector/custodian only if the admitted post requires it,freight_or_treasure_delivery,actual_admitted_presence_at_departure_cutpoint,exact beneficiary/custody destination,instrument due window,beneficiary/custody acceptance required,delivered_or_failed,"collection, route, custody, remittance, or reconciliation fails",resource/Coin delivery; fee; right performance; grievance/arrear evidence,False,True,False,requirements_and_readiness_only_no_journey_execution_no_person_movement_no_presence_mutation_no_route_promotion_no_lodging_admission_no_hosting_history_no_gl_or_resource_mutation_no_runtime_schema_ui_fixture_or_golden
JRN-033,courtos.responsibility.reception_intake,courtos.responsibility.reception_intake,intake,Incoming named-person reception,A named visitor physically arrives under an admitted Journey/Hosting Arrangement.,host_binding_only,no_new_principal_created,receiving officer is local; arriving named party comes from its existing manifest,not_applicable,actual_admitted_presence_at_departure_cutpoint,admitted receiving location,actual arrival cutpoint,"validate arrangement, identity/evidence, and route to host/authority",received_redirected_or_refused,"arrival is unexpected, identity doubtful, or authority/capacity exceeded",arrival/intake/Knowledge receipt; no duplicate journey or person-days,False,True,False,requirements_and_readiness_only_no_journey_execution_no_person_movement_no_presence_mutation_no_route_promotion_no_lodging_admission_no_hosting_history_no_gl_or_resource_mutation_no_runtime_schema_ui_fixture_or_golden
JRN-034,courtos.responsibility.reception_intake,courtos.responsibility.reception_intake,intake,"Messenger, item, petition, or oral report intake",A carried item or messenger reaches an admitted clearinghouse/channel.,local_or_remote_no_journey,messenger_movement_owned_elsewhere,receiving officer; messenger identity only if already named and material,not_applicable,actual_admitted_presence_at_departure_cutpoint,reception channel,delivery arrival cutpoint,intake preserves provenance and routes substance,received_returned_or_escalated,"custody, authenticity, recipient, or handling bounds fail",message/item intake and routing; no new travel generated,False,True,False,requirements_and_readiness_only_no_journey_execution_no_person_movement_no_presence_mutation_no_route_promotion_no_lodging_admission_no_hosting_history_no_gl_or_resource_mutation_no_runtime_schema_ui_fixture_or_golden
JRN-035,courtos.responsibility.records_archives,courtos.responsibility.records_archives,records,External archive or physical evidence search,A material question cannot be cured by available House/Church correspondence and competent access is admitted.,named_journey,assigned_records_actor_or_competent_delegate,records owner/supporter; Church/legal custodian remains local; witness only if required,individual_or_light_party,actual_admitted_presence_at_departure_cutpoint,"exact archive, church, institution, or custody location",case/decision deadline window,custodian access/appointment required,return,"access, route, authority, or record existence is unresolved",record-search result; provenance/Knowledge; PAS/presence; possible dispute referral,True,True,False,requirements_and_readiness_only_no_journey_execution_no_person_movement_no_presence_mutation_no_route_promotion_no_lodging_admission_no_hosting_history_no_gl_or_resource_mutation_no_runtime_schema_ui_fixture_or_golden
JRN-036,courtos.responsibility.records_archives,courtos.responsibility.records_archives,records,Local or correspondence-based record review,The required records are local or can be requested through admitted correspondence.,local_or_remote_no_journey,records_owner_or_supporter,owner/supporter at admitted work location,not_applicable,actual_admitted_presence_at_departure_cutpoint,local archive or remote correspondence source,ordinary review window,source/custodian response may be required,report_or_unresolved,"record is missing, conflicting, or inaccessible",Knowledge-safe record report; no travel,False,True,False,requirements_and_readiness_only_no_journey_execution_no_person_movement_no_presence_mutation_no_route_promotion_no_lodging_admission_no_hosting_history_no_gl_or_resource_mutation_no_runtime_schema_ui_fixture_or_golden
JRN-037,courtos.responsibility.correspondence_dispatch,courtos.responsibility.correspondence_dispatch,dispatch,Ordinary or dedicated dispatch,A substantive owner authorizes a written/oral message or formal notice and a delivery path is admitted.,background_transport,no_named_noble_by_default,named messenger only when an existing named person is explicitly assigned; otherwise courier/carrier aggregate,courier_dispatch,actual_admitted_presence_at_departure_cutpoint,exact recipient channel/location,deadline and route window,recipient acceptance not required for dispatch but delivery must be evidenced,delivered_returned_delayed_or_lost,"deadline, custody, route, authenticity, or recipient fails",dispatch/delivery/Knowledge receipt; possible fee; no automatic audience or ART,False,True,False,requirements_and_readiness_only_no_journey_execution_no_person_movement_no_presence_mutation_no_route_promotion_no_lodging_admission_no_hosting_history_no_gl_or_resource_mutation_no_runtime_schema_ui_fixture_or_golden
JRN-038,courtos.responsibility.correspondence_dispatch,courtos.responsibility.external_relations_representation,dispatch,Named envoy or representative,"A message purpose requires personal representation, audience, or negotiation rather than carriage alone.",named_journey,appointed_representative,representative; clerk/interpreter/chaplain only when purpose requires; escort as needed,individual_or_small_retinue,actual_admitted_presence_at_departure_cutpoint,"accepted recipient House, court, Church institution, or polity setting",purpose deadline/window,audience/host acceptance required unless competent summons compels appearance,return_or_onward,"authority, audience, route, or report-back path fails",representation result; report; Knowledge; hospitality; ART evidence,True,True,False,requirements_and_readiness_only_no_journey_execution_no_person_movement_no_presence_mutation_no_route_promotion_no_lodging_admission_no_hosting_history_no_gl_or_resource_mutation_no_runtime_schema_ui_fixture_or_golden
JRN-039,courtos.responsibility.security_asset_protection,courtos.responsibility.security_asset_protection,security,"Protected person, asset, or custody transfer",A competent instrument orders a transfer requiring named protective command or named subjects.,named_journey,protected_subject_or_escort_commander,protected person; custodian; escort commander; named officer; required witness/handover party,protected_transfer,actual_admitted_presence_at_departure_cutpoint,exact receiving custody/security location,instrument effective window,receiving custody and safe route required,remain_return_or_onward,"authority, custody, escort, route, or handover fails",custody/presence/security result; absence; support; Knowledge and ART evidence,True,True,False,requirements_and_readiness_only_no_journey_execution_no_person_movement_no_presence_mutation_no_route_promotion_no_lodging_admission_no_hosting_history_no_gl_or_resource_mutation_no_runtime_schema_ui_fixture_or_golden
JRN-040,courtos.responsibility.security_asset_protection,courtos.responsibility.security_asset_protection,security,Routine watch-command or security circuit,An owner/supporter covers multiple security scopes under accepted assignments.,derived_service_mobility,assigned_security_actor,owner/supporter; resident local postholders remain local,security_circuit,actual_admitted_presence_at_departure_cutpoint,exact security scopes,annual derived itinerary,security/access authority required,coverage_completed_or_undercovered,route load creates uncovered assets or incompatible presence,PAS/presence; security coverage and exception evidence,False,True,False,requirements_and_readiness_only_no_journey_execution_no_person_movement_no_presence_mutation_no_route_promotion_no_lodging_admission_no_hosting_history_no_gl_or_resource_mutation_no_runtime_schema_ui_fixture_or_golden
JRN-041,courtos.responsibility.security_asset_protection,courtos.responsibility.security_asset_protection,security,Cross-location protective response,"A qualified threat, breach, loss, or escort Matter requires a named officer outside current location.",named_journey,competent_security_actor,security owner/delegate; escort commander; protected person/custodian if moved,protected_response,actual_admitted_presence_at_departure_cutpoint,affected admitted asset/person/custody location,qualified response window,authority and safe route/support required,return_remain_or_transfer,"response is unauthorized, route blocked, or origin security would become untenable",response result; absence/coverage; loss/custody evidence; possible justice referral,True,True,False,requirements_and_readiness_only_no_journey_execution_no_person_movement_no_presence_mutation_no_route_promotion_no_lodging_admission_no_hosting_history_no_gl_or_resource_mutation_no_runtime_schema_ui_fixture_or_golden
JRN-042,courtos.responsibility.martial_readiness_training,courtos.responsibility.martial_readiness_training,readiness,"Annual roll, training, and readiness circuit",An accepted readiness portfolio spans multiple catchments or exercise locations.,derived_service_mobility,assigned_readiness_actor,owner/supporter; local common manpower remains aggregate LCU capacity,readiness_circuit,actual_admitted_presence_at_departure_cutpoint,exact obligation catchments/exercise locations,annual training/roll plan,competent public/tenure authority and local access required,coverage_completed_or_undercovered,"travel, labor, security, or authority makes the annual plan infeasible",PAS/presence; roll/training evidence; readiness assessment,False,True,False,requirements_and_readiness_only_no_journey_execution_no_person_movement_no_presence_mutation_no_route_promotion_no_lodging_admission_no_hosting_history_no_gl_or_resource_mutation_no_runtime_schema_ui_fixture_or_golden
JRN-043,service.call_to_arms_service,service.call_to_arms_service,martial_activation,Lawful or unlawful call to arms response,A competent call/summons or explicitly modeled unlawful call is issued; the standing readiness responsibility does not create it.,named_journey,called_named_person_or_appointed_commander,called named service people; commander/officer; household/support party only where service terms require,military_service_party,actual_admitted_presence_at_departure_cutpoint,muster/service destination supplied by the call,call deadline/window,call supplies authority; route/security/support remain required,service_return_release_loss_or_failure,"refusal, substitution, exemption, route, supply, absence, or authority issue arises",service/absence/casualty/release/return receipts; separate Call to Arms Engine,True,True,False,requirements_and_readiness_only_no_journey_execution_no_person_movement_no_presence_mutation_no_route_promotion_no_lodging_admission_no_hosting_history_no_gl_or_resource_mutation_no_runtime_schema_ui_fixture_or_golden
JRN-044,courtos.responsibility.martial_stores_horse_capacity,courtos.responsibility.martial_stores_horse_capacity,martial_support,Martial stores or horse-capacity inspection circuit,"One owner/supporter covers multiple armory, stable, or support scopes.",derived_service_mobility,assigned_martial_support_actor,owner/supporter; resident custodians remain local,martial_support_circuit,actual_admitted_presence_at_departure_cutpoint,exact admitted support scopes,annual derived itinerary,custody/access/security required,coverage_completed_or_undercovered,"route load, custody, or security makes inspection infeasible",PAS/presence; semantic sufficiency/condition evidence,False,True,False,requirements_and_readiness_only_no_journey_execution_no_person_movement_no_presence_mutation_no_route_promotion_no_lodging_admission_no_hosting_history_no_gl_or_resource_mutation_no_runtime_schema_ui_fixture_or_golden
JRN-045,courtos.responsibility.martial_stores_horse_capacity,courtos.responsibility.martial_stores_horse_capacity,martial_support,Martial repair or procurement delivery,A qualified repair/procurement request is accepted by the material gateway.,background_transport,no_named_noble_by_default,named custodian only if an admitted post actually performs delivery/handover,martial_freight,actual_admitted_presence_at_departure_cutpoint,exact secure receiving store/support location,qualified delivery window,custody/security acceptance required,delivered_or_failed,"supply, route, custody, fee, or security fails",delivery/custody/material receipt; readiness implication,False,True,False,requirements_and_readiness_only_no_journey_execution_no_person_movement_no_presence_mutation_no_route_promotion_no_lodging_admission_no_hosting_history_no_gl_or_resource_mutation_no_runtime_schema_ui_fixture_or_golden
JRN-046,event.court_or_great_council_occasion,courtos.responsibility.external_relations_representation,court_and_politics,"Court, liege, or Great Council attendance","A declared occasion, invitation, or competent summons is accepted or lawfully compels attendance and a representative is selected.",named_journey,selected_attendee_or_representative,HoH or delegate; required vassal/officeholder; spouse/heir only if invited/required; clerk/chaplain as purpose requires,court_retinue,actual_admitted_presence_at_departure_cutpoint,declared court/council seat,occasion dates and route-feasible departure,host/court acceptance unless competent summons controls,return_or_onward,"attendance, delegation, timing, route, support, or authority fails",attendance/advice/decision/report; hosting; PAS/presence; ART evidence,True,True,False,requirements_and_readiness_only_no_journey_execution_no_person_movement_no_presence_mutation_no_route_promotion_no_lodging_admission_no_hosting_history_no_gl_or_resource_mutation_no_runtime_schema_ui_fixture_or_golden
JRN-047,courtos.responsibility.external_relations_representation,courtos.responsibility.external_relations_representation,external_relations,"Formal representation, audience, mediation, or diplomatic visit","The HoH/owner selects a target entity, posture, representative, and bounded purpose that requires presence.",named_journey,appointed_diplomat_or_HoH,representative; clerk/interpreter/chaplain where purpose requires; selected companion/escort,individual_or_small_retinue,actual_admitted_presence_at_departure_cutpoint,"accepted House, Church institution, court, or competent polity setting",accepted audience/mission window,recipient audience/host acceptance required unless formal summons applies,return_or_onward,"purpose is too vague, authority absent, audience refused, route fails, or report is not returned",contact/report; reverse-ART Knowledge evidence; actual ART evidence; hospitality; marriage/social opportunity,True,True,False,requirements_and_readiness_only_no_journey_execution_no_person_movement_no_presence_mutation_no_route_promotion_no_lodging_admission_no_hosting_history_no_gl_or_resource_mutation_no_runtime_schema_ui_fixture_or_golden
JRN-048,courtos.responsibility.external_relations_representation,courtos.responsibility.external_relations_representation,external_relations,Sustained presence at another court or institution,A named representative/companion receives an admitted service/attendance placement at another entity.,named_journey,appointed_representative_or_companion,representative/companion; spouse/dependants only if placement includes them; escort for transfer,household_transfer_or_small_retinue,actual_admitted_presence_at_departure_cutpoint,accepted court/institutional residence,placement effective month,receiving entity and support/residence acceptance required,remain_or_return,"placement, support, residence, authority, or route fails",residence/service commitment; relationship access; Knowledge/ART; origin Household change,True,True,False,requirements_and_readiness_only_no_journey_execution_no_person_movement_no_presence_mutation_no_route_promotion_no_lodging_admission_no_hosting_history_no_gl_or_resource_mutation_no_runtime_schema_ui_fixture_or_golden
JRN-049,courtos.responsibility.external_relations_representation,courtos.responsibility.external_relations_representation,external_relations,Routine relationship contact,"The target portfolio is cultivated through ordinary correspondence, reception, or local contact without an admitted audience/visit.",local_or_remote_no_journey,assigned_relationship_owner,owner/supporter at current location,not_applicable,actual_admitted_presence_at_departure_cutpoint,remote target entity,triennial posture with organic annual contacts,recipient response may occur through correspondence,report_or_no_response,relationship intelligence remains thin or contact fails,Knowledge/ART contribution and correspondence; no travel,False,True,False,requirements_and_readiness_only_no_journey_execution_no_person_movement_no_presence_mutation_no_route_promotion_no_lodging_admission_no_hosting_history_no_gl_or_resource_mutation_no_runtime_schema_ui_fixture_or_golden
JRN-050,courtos.responsibility.household_observance_chaplaincy,courtos.responsibility.household_observance_chaplaincy,church_and_rite,Pilgrimage or named external rite,A competent House actor accepts a pilgrimage or event-owned rite requiring presence elsewhere.,named_journey,named_observant_or_house_representative,principal; close kin selected for rite; chaplain; guardian/escort where required,pilgrimage_or_rite_party,actual_admitted_presence_at_departure_cutpoint,"recognized shrine, church, cathedral, monastery, or event venue",rite/observance window,institution/venue acceptance where required,return_or_onward,"health, route, rite competence, support, or authority fails",rite attendance; hosting/support; Knowledge; piety/ART evidence where attributable,True,True,False,requirements_and_readiness_only_no_journey_execution_no_person_movement_no_presence_mutation_no_route_promotion_no_lodging_admission_no_hosting_history_no_gl_or_resource_mutation_no_runtime_schema_ui_fixture_or_golden
JRN-051,courtos.responsibility.household_observance_chaplaincy,courtos.responsibility.household_observance_chaplaincy,church_and_rite,Chaplain or observance service circuit,One chaplain/owner serves multiple admitted House residences or observance settings.,derived_service_mobility,assigned_chaplain_or_owner,chaplain/owner and assigned support,light_service_circuit,actual_admitted_presence_at_departure_cutpoint,assigned House observance locations,annual observance calendar,Church competence and site access required,coverage_completed_or_undercovered,"distance, competing rites, or absence makes coverage infeasible",PAS/presence; observance coverage; event/report evidence,False,True,False,requirements_and_readiness_only_no_journey_execution_no_person_movement_no_presence_mutation_no_route_promotion_no_lodging_admission_no_hosting_history_no_gl_or_resource_mutation_no_runtime_schema_ui_fixture_or_golden
JRN-052,courtos.responsibility.church_rights_institutional_affairs,courtos.responsibility.church_rights_institutional_affairs,church_and_rite,"Church appearance, recognition, institution, or patronage-right visit",An exact right/instrument or active formal case requires a named House representative to appear.,named_journey,competent_house_representative,right holder/representative; clerk/chaplain; interested person only when the case requires,church_legal_party,actual_admitted_presence_at_departure_cutpoint,competent Church institution/seat,case/instrument window,"Church competence, access, and receiving process required",return_or_onward,"jurisdiction, access, evidence, route, or representation authority fails",case/right/recognition result; Knowledge; possible instrument and ART evidence,True,True,False,requirements_and_readiness_only_no_journey_execution_no_person_movement_no_presence_mutation_no_route_promotion_no_lodging_admission_no_hosting_history_no_gl_or_resource_mutation_no_runtime_schema_ui_fixture_or_golden
JRN-053,courtos.responsibility.church_rights_institutional_affairs,courtos.responsibility.records_archives,church_and_rite,Physical Church record verification,A consequential vital/kinship/recognition question cannot be cured by ordinary House-Church correspondence.,named_journey,competent_records_or_church_affairs_actor,records owner or Church-affairs representative; subject/witness only if required,individual_or_light_party,actual_admitted_presence_at_departure_cutpoint,"competent parish, monastery, cathedral, or diocesan archive",decision/case deadline,Church custodian access/appointment required,return,"record location, competence, access, or route is unresolved",record comparison/provenance; Knowledge; referral or ordinary cure,True,True,False,requirements_and_readiness_only_no_journey_execution_no_person_movement_no_presence_mutation_no_route_promotion_no_lodging_admission_no_hosting_history_no_gl_or_resource_mutation_no_runtime_schema_ui_fixture_or_golden
JRN-054,courtos.responsibility.church_rights_institutional_affairs,courtos.responsibility.church_rights_institutional_affairs,church_and_rite,Routine parish and Church relationship administration,"The House handles ordinary support, records requests, patronage communication, and observance locally or by correspondence.",local_or_remote_no_journey,assigned_owner,owner/supporter at current location,not_applicable,actual_admitted_presence_at_departure_cutpoint,home parish or remote institution,ordinary annual/triennial work,Church retains autonomous service and record authority,report_or_matter,"right, recognition, record, or relationship issue becomes consequential",Church relationship/right evidence; correspondence; no travel,False,True,False,requirements_and_readiness_only_no_journey_execution_no_person_movement_no_presence_mutation_no_route_promotion_no_lodging_admission_no_hosting_history_no_gl_or_resource_mutation_no_runtime_schema_ui_fixture_or_golden
JRN-055,courtos.responsibility.office_post_appointments,courtos.responsibility.office_post_appointments,office_and_tenure,"Office assumption, oath, investiture, or handover","An appointment/removal is valid and the post requires physical assumption, oath, custody, or handover at another location.",named_journey,incoming_or_outgoing_officeholder,incoming holder; outgoing holder if handover; appointing representative; witness/chaplain/clerk only if required,office_transfer_party,actual_admitted_presence_at_departure_cutpoint,exact post/custody/authority location,appointment effective and handover window,appointing/receiving authority and site access required,remain_return_or_onward,"authority, predecessor handover, route, residence, or custody fails",post/office handover; service/residence; custody; PAS/presence; ART evidence,True,True,False,requirements_and_readiness_only_no_journey_execution_no_person_movement_no_presence_mutation_no_route_promotion_no_lodging_admission_no_hosting_history_no_gl_or_resource_mutation_no_runtime_schema_ui_fixture_or_golden
JRN-056,courtos.responsibility.office_post_appointments,courtos.responsibility.adult_kin_support,office_and_tenure,Service-residence move following appointment,A valid post requires or supports a residence change distinct from the office handover itself.,named_journey,officeholder_changing_residence,officeholder; spouse/dependants included by support arrangement; escort,household_transfer,actual_admitted_presence_at_departure_cutpoint,admitted service residence,appointment/service effective month,support/residence and receiving accountability required,remain,"residence, support, route, or family disposition is unresolved",residence/support/Household change; office availability; ART evidence,True,True,False,requirements_and_readiness_only_no_journey_execution_no_person_movement_no_presence_mutation_no_route_promotion_no_lodging_admission_no_hosting_history_no_gl_or_resource_mutation_no_runtime_schema_ui_fixture_or_golden
JRN-057,courtos.responsibility.office_post_appointments,courtos.responsibility.office_post_appointments,office_and_tenure,Same-site appointment or removal,"The valid office change requires no physical relocation, handover trip, or external appearance.",local_or_remote_no_journey,incoming_or_outgoing_holder,local parties only,not_applicable,actual_admitted_presence_at_departure_cutpoint,current location,effective cutpoint,local authority/custody rules still apply,office_changed,handover or custody unexpectedly requires presence elsewhere,office/post receipt; no travel,False,True,False,requirements_and_readiness_only_no_journey_execution_no_person_movement_no_presence_mutation_no_route_promotion_no_lodging_admission_no_hosting_history_no_gl_or_resource_mutation_no_runtime_schema_ui_fixture_or_golden
JRN-058,proceeding.justice_case_proceeding,proceeding.justice_case_proceeding,justice,Named court or legal appearance,"A competent case requires a named party, representative, witness, or officer to appear and ordinary written process is insufficient.",named_journey,required_party_or_representative,party; representative; witness; clerk; officer; escort where required,legal_appearance_party,actual_admitted_presence_at_departure_cutpoint,competent court/venue,procedural date/window,court competence controls; host/lodging still required for stay,return_or_onward,"service, jurisdiction, authority, route, custody, or appearance fails",appearance/evidence/procedure result; hosting; PAS/presence; Knowledge and ART evidence,True,True,False,requirements_and_readiness_only_no_journey_execution_no_person_movement_no_presence_mutation_no_route_promotion_no_lodging_admission_no_hosting_history_no_gl_or_resource_mutation_no_runtime_schema_ui_fixture_or_golden
JRN-059,proceeding.coercive_enforcement_episode,proceeding.justice_case_proceeding,justice,"Prisoner, remedy, asset, or enforcement transfer",An admitted justice result authorizes a time-bounded enforcement or custody movement.,named_journey,named_subject_or_commanding_officer,prisoner/protected person; commanding officer; custodian; required witness/representative,protected_transfer,actual_admitted_presence_at_departure_cutpoint,exact custody/remedy destination,order deadline/window,independent lawful authority and receiving custody required,remain_return_or_onward,"authority, resistance, route, custody, or proportionality fails",enforcement/custody/remedy result; loss/injury; PAS/presence; ART evidence,True,True,False,requirements_and_readiness_only_no_journey_execution_no_person_movement_no_presence_mutation_no_route_promotion_no_lodging_admission_no_hosting_history_no_gl_or_resource_mutation_no_runtime_schema_ui_fixture_or_golden
JRN-060,proceeding.succession_regency_review_proceeding,proceeding.succession_regency_review_proceeding,authority_continuity,"Succession, regency, custody, or protected-person handover","An admitted life/authority event changes custody, acting authority, or required residence and physical handover is necessary.",named_journey,person_or_authority_subject_to_handover,minor/protected person; guardian/regent; custodian; acting authority; escort; witness where required,protected_transfer,actual_admitted_presence_at_departure_cutpoint,admitted custody/authority residence or court,continuity-review effective window,competent receiving authority/custody required,remain_return_or_onward,"authority, custody, residence, route, or support is disputed/unresolved",authority/custody/presence; delegation review; Household support; ART evidence,True,True,False,requirements_and_readiness_only_no_journey_execution_no_person_movement_no_presence_mutation_no_route_promotion_no_lodging_admission_no_hosting_history_no_gl_or_resource_mutation_no_runtime_schema_ui_fixture_or_golden
JRN-061,event.ceremony_event_presentation,event.ceremony_event_presentation,ceremony,"Death observance, memorial, or other event-owned attendance",A real death/rite/honour event identifies eligible attendees and a House accepts consequential attendance elsewhere.,named_journey,selected_attendee_or_required_participant,close kin; liege/representative; chaplain; officeholder or honouree only where event requires,ceremonial_retinue,actual_admitted_presence_at_departure_cutpoint,event-owned venue,event date/window after notice and route feasibility,venue/host/Church acceptance as applicable,return_or_onward,"notice, health, route, timing, or authority prevents attendance",attendance/absence; hosting/material support; Knowledge; ART evidence,True,True,False,requirements_and_readiness_only_no_journey_execution_no_person_movement_no_presence_mutation_no_route_promotion_no_lodging_admission_no_hosting_history_no_gl_or_resource_mutation_no_runtime_schema_ui_fixture_or_golden
JRN-062,proceeding.tenure_change_proceeding,proceeding.tenure_change_proceeding,office_and_tenure,"Tenure grant, homage, seisin, regrant, or possession transfer","A competent tenure proceeding reaches a stage requiring presence, handover, or possession at another location.",named_journey,grantee_holder_or_competent_representative,grantor representative; grantee/holder; heir/guardian; witness/clerk; escort where needed,office_transfer_party,actual_admitted_presence_at_departure_cutpoint,"competent court, tenure site, or possession location",instrument effective/handover window,legal authority and receiving possession/custody required,remain_return_or_onward,"approval, right, possession, route, or handover fails",tenure/possession/office/residence evidence; ART consequences,True,True,False,requirements_and_readiness_only_no_journey_execution_no_person_movement_no_presence_mutation_no_route_promotion_no_lodging_admission_no_hosting_history_no_gl_or_resource_mutation_no_runtime_schema_ui_fixture_or_golden
