manor_id,seat_hex_id,county_id,primary_role,seat_roles,seat_archetype,hex_count,total_net_productive_capacity,avg_water_access_score,avg_buildability_score,route_access_score,route_degree,territorial_degree,estimated_peasant_households,manor_size_class,capacity_quantile_band,is_elite,was_repaired,was_merged,was_split,residual_share
manor_hx_22645,hx_22645,c_4,,,strategic,13,8.9589,0.391,0.7508,0.6372,4,5,11,small,middle,false,false,false,false,
manor_hx_22650,hx_22650,c_4,,,strategic,14,10.2383,0.5476,0.7657,0.664,4,4,13,small,middle,false,false,false,false,
manor_hx_22676,hx_22676,c_9,,,strategic,11,7.038,0.4167,0.6964,0.5854,3,4,15,small,middle,false,false,false,false,
manor_hx_22685,hx_22685,c_9,,,strategic,12,6.4034,0.9097,0.51,0.5523,2,3,19,small,middle,false,false,false,false,
manor_hx_22932,hx_22932,c_4,,,ordinary,10,8.4443,0.825,0.824,0.603,4,4,12,small,middle,false,false,false,false,
manor_hx_22937,hx_22937,c_4,,,ordinary,18,9.4839,0.9028,0.5189,0.4662,4,5,9,small,middle,false,false,false,false,
manor_hx_22955,hx_22955,c_9,baronial_seat,baronial_seat,elite,4,3.5732,0.4583,0.96,0.669,3,3,11,small,bottom,true,false,false,false,
manor_hx_23207,hx_23207,c_4,baronial_seat,baronial_seat,elite,4,3.7233,0.625,0.96,0.7352,3,3,8,small,bottom,true,false,false,false,
manor_hx_23213,hx_23213,c_4,baronial_seat,baronial_seat,elite,4,3.7801,0.6875,0.96,0.646,4,5,7,small,bottom,true,false,false,false,
manor_hx_23239,hx_23239,c_9,,,ordinary,9,7.7451,0.6296,0.8844,0.5369,6,6,7,small,middle,false,false,false,false,
manor_hx_23243,hx_23243,c_9,,,ordinary,16,9.7541,0.875,0.6025,0.5523,5,5,14,small,middle,false,false,false,false,
manor_hx_23246,hx_23246,c_9,baronial_seat,baronial_seat,elite,4,3.9534,0.875,0.96,0.6373,5,5,10,small,middle,true,false,false,false,
manor_hx_23481,hx_23481,c_4,baronial_seat,baronial_seat,elite,4,3.4089,0.625,0.875,0.6842,3,3,9,small,bottom,true,false,false,false,
manor_hx_23482,hx_23482,c_4,,,strategic,10,6.0802,0.4917,0.652,0.6414,2,4,18,small,middle,false,false,false,false,
manor_hx_23488,hx_23488,c_4,county_seat,county_seat|county_castle|bishop_seat|market_town,elite,14,13.1456,0.6607,0.96,0.7842,7,8,37,medium,middle,true,false,false,false,
manor_hx_23493,hx_23493,c_4,abbey_site,abbey_site,elite,4,3.7041,0.6041,0.96,0.6891,4,4,8,small,bottom,true,false,false,false,
manor_hx_23506,hx_23506,c_9,,,strategic,17,10.9426,0.2155,0.74,0.7625,5,5,10,small,middle,false,false,false,false,
manor_hx_23511,hx_23511,c_9,,,strategic,20,13.294,0.0845,0.79,0.6642,5,6,33,medium,middle,false,true,false,false,
manor_hx_23520,hx_23520,c_9,county_seat,county_seat|bishop_seat|market_town,elite,11,10.8065,0.8561,0.96,0.5727,5,6,12,small,middle,true,false,false,false,
manor_hx_23526,hx_23526,c_9,abbey_site,abbey_site,elite,4,3.9729,0.8958,0.96,0.6798,3,4,13,small,middle,true,false,false,false,
manor_hx_23776,hx_23776,c_4,,,ordinary,9,8.4817,0.6759,0.96,0.5599,6,7,8,small,middle,false,false,false,false,
manor_hx_23782,hx_23782,c_4,,,strategic,11,5.3849,0.6288,0.5091,0.6535,4,4,12,small,middle,false,false,false,false,
manor_hx_23800,hx_23800,c_9,abbey_site,abbey_site,elite,4,3.8953,0.8125,0.96,0.5369,5,5,12,small,middle,true,false,false,false,
manor_hx_23801,hx_23801,c_9,baronial_seat,baronial_seat,elite,4,3.9767,0.9375,0.96,0.5369,4,4,10,small,middle,true,false,false,false,
manor_hx_24034,hx_24034,c_5,,,strategic,12,7.0261,0.6597,0.6033,0.75,3,4,14,small,middle,false,false,false,false,
manor_hx_24039,hx_24039,c_5,,,strategic,9,6.9401,0.3704,0.8467,0.6892,4,5,17,small,middle,false,true,false,false,
manor_hx_24042,hx_24042,c_5,,,ordinary,9,6.2525,0.4352,0.7511,0.6892,3,3,12,small,middle,false,true,false,false,
manor_hx_24046,hx_24046,c_4,,,ordinary,12,11.152,0.6181,0.96,0.6463,7,8,15,small,middle,false,false,false,false,
manor_hx_24052,hx_24052,c_4,,,ordinary,10,9.5363,0.725,0.96,0.5881,5,6,10,small,middle,false,false,false,false,
manor_hx_24066,hx_24066,c_9,baronial_seat,baronial_seat,elite,4,3.4075,0.2708,0.96,0.8798,2,2,9,small,bottom,true,false,false,false,
manor_hx_24073,hx_24073,c_9,baronial_seat,baronial_seat,elite,4,3.3712,0.2292,0.96,0.7664,4,4,6,small,bottom,true,false,false,false,
manor_hx_24303,hx_24303,c_6,,,strategic,15,4.4124,0.8167,0.292,0.8829,4,4,9,small,middle,false,false,false,false,
manor_hx_24308,hx_24308,c_5,,,strategic,12,4.7172,0.8958,0.3883,0.872,6,6,13,small,middle,false,false,false,false,
manor_hx_24326,hx_24326,c_4,abbey_site,abbey_site,elite,4,3.9146,0.8333,0.96,0.6894,4,5,12,small,middle,true,false,false,false,
manor_hx_24341,hx_24341,c_4,baronial_seat,baronial_seat,elite,4,3.7041,0.6041,0.96,0.6994,3,5,13,small,bottom,true,false,false,false,
manor_hx_24347,hx_24347,c_4,county_seat,county_seat|county_castle|bishop_seat|market_town,elite,14,12.1572,0.3452,0.96,0.9385,5,6,34,medium,middle,true,false,false,false,
manor_hx_24354,hx_24354,c_9,abbey_site,abbey_site,elite,4,3.444,0.3125,0.96,0.8175,3,3,12,small,bottom,true,false,false,false,
manor_hx_24359,hx_24359,c_9,,,ordinary,16,14.5397,0.526,0.96,0.562,8,9,32,medium,middle,false,false,false,false,
manor_hx_24366,hx_24366,c_9,,,ordinary,18,10.8885,0.9306,0.5944,0.5523,9,9,18,small,middle,false,false,false,false,
manor_hx_24583,hx_24583,c_6,county_seat,county_seat|county_castle|bishop_seat|market_town,elite,14,11.7969,0.756,0.8386,0.8829,6,7,43,medium,middle,true,false,false,false,
manor_hx_24589,hx_24589,c_5,baronial_seat,baronial_seat,elite,4,3.545,0.7916,0.875,0.8175,3,3,9,small,bottom,true,false,false,false,
manor_hx_24600,hx_24600,c_5,,,ordinary,12,10.7188,0.4583,0.96,0.7423,5,6,8,small,middle,false,false,false,false,
manor_hx_24610,hx_24610,c_4,,,ordinary,11,6.9819,0.947,0.6182,0.5881,6,7,16,small,middle,false,false,false,false,
manor_hx_24620,hx_24620,c_4,,,ordinary,13,11.6787,0.4808,0.96,0.6527,7,6,26,medium,middle,false,false,false,false,
manor_hx_24622,hx_24622,c_4,abbey_site,abbey_site,elite,4,3.5914,0.4792,0.96,0.746,4,4,8,small,bottom,true,false,false,false,
manor_hx_24636,hx_24636,c_9,,,ordinary,29,24.3244,0.2092,0.96,0.7153,7,7,30,medium,top,false,false,false,false,
manor_hx_24643,hx_24643,c_9,,,ordinary,10,9.8682,0.8833,0.96,0.4295,6,6,17,small,middle,false,false,false,false,
manor_hx_24650,hx_24650,c_9,,,ordinary,29,22.214,0.842,0.7552,0.5098,4,5,55,medium,top,false,false,false,false,
manor_hx_24864,hx_24864,c_6,baronial_seat,baronial_seat,elite,4,3.9534,0.875,0.96,0.8829,5,5,12,small,middle,true,false,false,false,
manor_hx_24871,hx_24871,c_5,,,ordinary,9,8.4437,0.6574,0.96,0.8125,5,6,17,small,middle,false,true,false,false,
manor_hx_24875,hx_24875,c_5,,,ordinary,11,10.0596,0.553,0.96,0.875,7,8,10,small,middle,false,false,false,false,
manor_hx_24882,hx_24882,c_5,county_seat,county_seat|county_castle|bishop_seat|market_town,elite,13,12.2058,0.6603,0.96,0.8483,7,9,35,medium,middle,true,false,false,false,
manor_hx_24888,hx_24888,c_4,baronial_seat,baronial_seat,elite,4,3.9962,0.9584,0.96,0.6032,4,4,12,small,middle,true,false,false,false,
manor_hx_24897,hx_24897,c_4,,,ordinary,14,12.9557,0.6012,0.96,0.4738,6,6,28,medium,middle,false,false,false,false,
manor_hx_24905,hx_24905,c_4,,,ordinary,203,165.5039,0.1011,0.96,0.7039,15,15,115,large,top,false,true,false,false,
manor_hx_25153,hx_25153,c_5,county_seat,county_seat|bishop_seat|market_town,elite,11,10.3239,0.6591,0.96,0.9375,6,6,13,small,middle,true,false,false,false,
manor_hx_25154,hx_25154,c_5,abbey_site,abbey_site,elite,4,3.8183,0.7292,0.96,1,5,6,11,small,bottom,true,false,false,false,
manor_hx_25155,hx_25155,c_5,baronial_seat,baronial_seat,elite,4,3.7041,0.6042,0.96,0.9375,3,3,8,small,bottom,true,false,false,false,
manor_hx_25162,hx_25162,c_5,abbey_site,abbey_site,elite,4,3.7421,0.6458,0.96,0.7953,4,4,10,small,bottom,true,false,false,false,
manor_hx_25163,hx_25163,c_4,baronial_seat,baronial_seat,elite,4,3.8762,0.7917,0.96,0.7953,4,5,14,small,middle,true,false,false,false,
manor_hx_25167,hx_25167,c_4,,,ordinary,9,8.9477,0.9167,0.96,0.5832,6,7,14,small,middle,false,true,false,false,
manor_hx_25174,hx_25174,c_4,,,ordinary,12,9.8318,0.875,0.8033,0.4901,6,6,18,small,middle,false,false,false,false,
manor_hx_25209,hx_25209,c_9,baronial_seat,baronial_seat,elite,4,3.9729,0.8959,0.96,0.4278,4,4,11,small,middle,true,false,false,false,
manor_hx_25425,hx_25425,c_6,,,ordinary,19,6.8307,0.9693,0.3263,0.7652,4,4,7,small,middle,false,true,false,false,
manor_hx_25480,hx_25480,c_9,,,ordinary,31,26.6581,0.3063,0.96,0.5109,6,6,149,large,top,false,false,false,false,
manor_hx_25706,hx_25706,c_6,,,strategic,9,8.9286,0.963,0.96,0.7064,6,6,11,small,middle,false,true,false,false,
manor_hx_25708,hx_25708,c_6,abbey_site,abbey_site,elite,4,3.8951,0.8125,0.96,0.7094,5,5,19,small,middle,true,false,false,false,
manor_hx_25720,hx_25720,c_5,,,ordinary,16,14.9313,0.6354,0.96,0.625,5,6,30,medium,middle,false,false,false,false,
manor_hx_25725,hx_25725,c_5,,,ordinary,12,11.1708,0.625,0.96,0.6892,6,8,11,small,middle,false,false,false,false,
manor_hx_25732,hx_25732,c_4,,,ordinary,9,7.8712,0.8704,0.8556,0.4309,5,7,13,small,middle,false,false,false,false,
manor_hx_25742,hx_25742,c_4,,,ordinary,8,6.7155,0.2133,0.96,0.5595,3,2,16,small,middle,false,false,false,false,
manor_hx_25764,hx_25764,c_9,,,ordinary,14,13.1648,0.6667,0.96,0.3066,4,5,49,medium,middle,false,false,false,false,
manor_hx_25770,hx_25770,c_9,county_seat,county_seat|bishop_seat|market_town,elite,10,9.8254,0.85,0.96,0.4889,6,7,12,small,middle,true,false,false,false,
manor_hx_25772,hx_25772,c_9,,,ordinary,9,7.6387,0.8518,0.8222,0.4278,5,5,11,small,middle,false,false,false,false,
manor_hx_25991,hx_25991,c_5,,,ordinary,15,14.295,0.7222,0.96,0.625,6,7,39,medium,middle,false,false,false,false,
manor_hx_26019,hx_26019,c_4,,,ordinary,15,13.522,0.4944,0.96,0.373,6,5,47,medium,middle,false,false,false,false,
manor_hx_26054,hx_26054,c_9,,,strategic,9,5.74,0.9167,0.5978,0.4329,3,3,18,small,middle,false,false,false,false,
manor_hx_26264,hx_26264,c_6,,,ordinary,21,15.3105,0.8611,0.6867,0.5886,4,5,27,medium,middle,false,false,false,false,
manor_hx_26270,hx_26270,c_6,baronial_seat,baronial_seat,elite,4,3.9729,0.8959,0.96,0.6207,4,5,10,small,middle,true,false,false,false,
manor_hx_26278,hx_26278,c_5,,,ordinary,13,12.4912,0.7564,0.96,0.75,6,8,57,medium,middle,false,false,false,false,
manor_hx_26289,hx_26289,c_4,,,ordinary,9,8.577,0.7222,0.96,0.4772,5,6,11,small,middle,false,false,false,false,
manor_hx_26296,hx_26296,c_4,,,ordinary,9,8.5959,0.7315,0.96,0.2941,6,6,11,small,middle,false,false,false,false,
manor_hx_26328,hx_26328,c_9,,,ordinary,9,8.7497,0.8055,0.96,0.3667,7,7,13,small,middle,false,true,false,false,
manor_hx_26548,hx_26548,c_6,,,ordinary,9,8.9943,0.9722,0.96,0.5764,4,6,13,small,middle,false,false,false,false,
manor_hx_26840,hx_26840,c_5,baronial_seat,baronial_seat,elite,4,3.9943,0.9375,0.96,0.625,3,5,10,small,middle,true,false,false,false,
manor_hx_26842,hx_26842,c_5,,,ordinary,14,13.5476,0.7857,0.96,0.5,5,7,54,medium,middle,false,false,false,false,
manor_hx_26847,hx_26847,c_5,,,ordinary,16,14.5725,0.5365,0.96,0.4772,6,6,30,medium,middle,false,false,false,false,
manor_hx_26853,hx_26853,c_4,,,ordinary,18,16.3804,0.5324,0.96,0.3016,5,5,37,medium,middle,false,false,false,false,
manor_hx_26886,hx_26886,c_9,,,ordinary,22,19.544,0.4356,0.96,0.2661,6,6,52,medium,top,false,false,false,false,
manor_hx_26892,hx_26892,c_9,,,ordinary,9,8.3302,0.6019,0.96,0.4657,6,5,7,small,middle,false,true,false,false,
manor_hx_26894,hx_26894,c_9,baronial_seat,baronial_seat,elite,4,3.8565,0.7708,0.96,0.4989,6,6,15,small,bottom,true,false,false,false,
manor_hx_26899,hx_26899,c_8,,,ordinary,22,15.47,0.8598,0.6645,0.3326,3,4,35,medium,middle,false,false,false,false,
manor_hx_27114,hx_27114,c_5,,,ordinary,19,18.8371,0.9079,0.96,0.5625,4,7,51,medium,top,false,false,false,false,
manor_hx_27120,hx_27120,c_5,abbey_site,abbey_site,elite,4,4,1,0.96,0.5625,3,3,15,small,middle,true,false,false,false,
manor_hx_27140,hx_27140,c_4,,,ordinary,19,15.8684,0.1921,0.96,0.2331,5,5,48,medium,middle,false,false,false,false,
manor_hx_27156,hx_27156,c_9,baronial_seat,baronial_seat,elite,4,3.3712,0.2292,0.96,0.3839,1,1,15,small,bottom,true,false,false,false,
manor_hx_27174,hx_27174,c_9,abbey_site,abbey_site,elite,4,3.7419,0.6458,0.96,0.5322,4,5,11,small,bottom,true,false,false,false,
manor_hx_27387,hx_27387,c_6,,,ordinary,16,15.1866,0.7135,0.96,0.399,6,7,52,medium,middle,false,false,false,false,
manor_hx_27411,hx_27411,c_4,,,ordinary,17,15.1768,0.4559,0.96,0.3711,5,5,40,medium,middle,false,false,false,false,
manor_hx_27417,hx_27417,c_4,,,ordinary,28,24.2425,0.3333,0.96,0.2154,5,6,46,medium,top,false,false,false,false,
manor_hx_27450,hx_27450,c_9,,,ordinary,15,13.3544,0.4444,0.96,0.3659,5,5,40,medium,middle,false,false,false,false,
manor_hx_27457,hx_27457,c_9,,,ordinary,9,8.5197,0.6944,0.96,0.4324,6,6,14,small,middle,false,false,false,false,
manor_hx_27657,hx_27657,c_6,,,strategic,25,8.027,0.9133,0.2568,0.373,1,2,9,small,middle,false,false,false,false,
manor_hx_27664,hx_27664,c_6,,,ordinary,42,26.2741,0.7599,0.6133,0.3364,4,4,60,medium,top,false,false,false,false,
manor_hx_27672,hx_27672,c_6,,,ordinary,12,11.868,0.9028,0.96,0.399,5,5,52,medium,middle,false,false,false,false,
manor_hx_27681,hx_27681,c_5,,,ordinary,14,13.9848,0.9524,0.96,0.4375,7,9,29,medium,middle,false,false,false,false,
manor_hx_27686,hx_27686,c_5,,,ordinary,13,12.3768,0.718,0.96,0.3181,6,6,23,medium,middle,false,false,false,false,
manor_hx_27958,hx_27958,c_5,,,ordinary,13,12.8856,0.9103,0.96,0.375,5,6,29,medium,middle,false,false,false,false,
manor_hx_27999,hx_27999,c_9,,,ordinary,47,39.4326,0.2107,0.96,0.3119,9,9,150,large,top,false,false,false,false,
manor_hx_28005,hx_28005,c_9,,,ordinary,23,19.9852,0.3478,0.96,0.2028,6,6,48,medium,top,false,false,false,false,
manor_hx_28014,hx_28014,c_9,,,ordinary,23,19.7833,0.308,0.96,0.4324,8,8,31,medium,top,false,false,false,false,
manor_hx_28250,hx_28250,c_5,,,ordinary,19,17.6572,0.6184,0.96,0.2121,6,6,45,medium,middle,false,false,false,false,
manor_hx_28301,hx_28301,c_8,,,ordinary,23,18.9355,0.6775,0.82,0.4174,5,5,37,medium,top,false,false,false,false,
manor_hx_28511,hx_28511,c_6,,,ordinary,20,18.4473,0.5875,0.96,0.4806,7,7,49,medium,middle,false,false,false,false,
manor_hx_28526,hx_28526,c_5,baronial_seat,baronial_seat,elite,4,3.9924,0.9167,0.96,0.2736,5,5,13,small,middle,true,false,false,false,
manor_hx_28561,hx_28561,c_9,abbey_site,abbey_site,elite,4,3.7041,0.6042,0.96,0.3245,4,4,7,small,bottom,true,false,false,false,
manor_hx_28563,hx_28563,c_9,,,ordinary,9,8.2928,0.5833,0.96,0.2839,6,6,10,small,middle,false,false,false,false,
manor_hx_28569,hx_28569,c_9,,,ordinary,21,18.4184,0.3849,0.96,0.1996,6,7,38,medium,middle,false,false,false,false,
manor_hx_28578,hx_28578,c_8,,,ordinary,12,10.627,0.4236,0.96,0.4554,6,6,12,small,middle,false,false,false,false,
manor_hx_28787,hx_28787,c_6,,,ordinary,25,15.7015,0.84,0.5816,0.5287,5,6,40,medium,middle,false,false,false,false,
manor_hx_28789,hx_28789,c_6,baronial_seat,baronial_seat,elite,4,3.723,0.625,0.96,0.5287,4,5,10,small,bottom,true,false,false,false,
manor_hx_28795,hx_28795,c_6,,,ordinary,16,14.7992,0.599,0.96,0.3768,5,6,54,medium,middle,false,false,false,false,
manor_hx_28802,hx_28802,c_5,,,ordinary,15,14.8466,0.9111,0.96,0.2463,5,5,28,medium,middle,false,false,false,false,
manor_hx_28807,hx_28807,c_5,abbey_site,abbey_site,elite,4,3.9981,0.9792,0.96,0.2798,4,4,14,small,middle,true,false,false,false,
manor_hx_28808,hx_28808,c_5,,,ordinary,9,8.8678,0.8704,0.96,0.2623,6,6,12,small,middle,false,false,false,false,
manor_hx_28842,hx_28842,c_4,baronial_seat,baronial_seat,elite,4,3.8183,0.7292,0.96,0.3042,4,4,11,small,bottom,true,false,false,false,
manor_hx_29079,hx_29079,c_5,,,ordinary,14,13.3172,0.7143,0.96,0.2826,6,6,40,medium,middle,false,false,false,false,
manor_hx_29096,hx_29096,c_4,,,ordinary,29,26.5361,0.5546,0.96,0.1731,9,9,57,medium,top,false,false,false,false,
manor_hx_29121,hx_29121,c_1,,,ordinary,12,10.9824,0.5556,0.96,0.2839,6,6,11,small,middle,false,false,false,false,
manor_hx_29127,hx_29127,c_9,,,ordinary,9,8.5575,0.713,0.96,0.2028,6,6,12,small,middle,false,false,false,false,
manor_hx_29351,hx_29351,c_6,abbey_site,abbey_site,elite,4,3.6853,0.5833,0.96,0.6248,4,4,7,small,bottom,true,false,false,false,
manor_hx_29366,hx_29366,c_5,,,ordinary,12,11.667,0.8056,0.96,0.2273,7,7,10,small,middle,false,false,false,false,
manor_hx_29422,hx_29422,c_8,baronial_seat,baronial_seat,elite,4,3.6853,0.5833,0.96,0.5692,5,5,13,small,bottom,true,false,false,false,
manor_hx_29424,hx_29424,c_8,,,ordinary,27,15.957,0.8642,0.5526,0.4933,5,5,41,medium,middle,false,false,false,false,
manor_hx_29632,hx_29632,c_6,,,strategic,10,6.2176,0.3333,0.688,0.6248,5,5,10,small,middle,false,false,false,false,
manor_hx_29654,hx_29654,c_5,,,ordinary,11,10.8487,0.8864,0.96,0.1865,6,7,12,small,middle,false,false,false,false,
manor_hx_29679,hx_29679,c_1,,,ordinary,45,37.9228,0.2274,0.96,0.2207,7,8,129,large,top,false,false,false,false,
manor_hx_29685,hx_29685,c_4,,,ordinary,12,7.9391,0.9236,0.6467,0.2434,7,7,15,small,middle,false,false,false,false,
manor_hx_29691,hx_29691,c_9,,,ordinary,13,11.9605,0.5769,0.96,0.1897,5,5,40,medium,middle,false,false,false,false,
manor_hx_29700,hx_29700,c_8,,,ordinary,17,14.4599,0.2647,0.96,0.5313,5,5,43,medium,middle,false,false,false,false,
manor_hx_29702,hx_29702,c_8,county_seat,county_seat|bishop_seat|market_town,elite,11,10.0412,0.5455,0.96,0.6072,7,7,11,small,middle,true,false,false,false,
manor_hx_29703,hx_29703,c_8,abbey_site,abbey_site,elite,4,3.8183,0.7292,0.96,0.5692,3,3,11,small,bottom,true,false,false,false,
manor_hx_29917,hx_29917,c_6,,,ordinary,19,15.5301,0.3289,0.9063,0.5181,7,7,36,medium,middle,false,false,false,false,
manor_hx_29923,hx_29923,c_5,,,ordinary,16,14.7615,0.5885,0.96,0.2355,6,6,30,medium,middle,false,false,false,false,
manor_hx_29930,hx_29930,c_5,,,ordinary,17,12.9548,0.9412,0.7388,0.2098,7,7,37,medium,middle,false,false,false,false,
manor_hx_29936,hx_29936,c_5,abbey_site,abbey_site,elite,4,3.9748,0.9167,0.96,0.2131,4,4,11,small,middle,true,false,false,false,
manor_hx_30183,hx_30183,c_6,abbey_site,abbey_site,elite,4,2.5716,0.9375,0.525,0.3845,2,2,13,small,bottom,true,false,false,false,
manor_hx_30188,hx_30188,c_13,,,strategic,39,15.9206,0.9167,0.3554,0.6248,5,6,32,medium,middle,false,false,false,false,
manor_hx_30191,hx_30191,c_6,royal_castle,royal_castle,elite,12,8.1373,0.5486,0.705,0.769,7,8,8,small,middle,true,false,false,false,
manor_hx_30217,hx_30217,c_5,baronial_seat,baronial_seat,elite,4,3.9748,0.9167,0.96,0.1998,4,4,10,small,middle,true,false,false,false,
manor_hx_30220,hx_30220,c_5,,,ordinary,17,15.7795,0.6127,0.96,0.1598,5,5,45,medium,middle,false,false,false,false,
manor_hx_30243,hx_30243,c_1,,,ordinary,10,9.5745,0.7417,0.96,0.2207,6,6,18,small,middle,false,false,false,false,
manor_hx_30249,hx_30249,c_4,,,ordinary,13,10.8104,0.8718,0.8154,0.1623,6,6,10,small,middle,false,false,false,false,
manor_hx_30255,hx_30255,c_8,,,ordinary,36,30.7627,0.2824,0.96,0.2656,7,9,125,large,top,false,false,false,false,
manor_hx_30471,hx_30471,c_6,baronial_seat,baronial_seat,elite,4,3.0904,0.625,0.79,0.7209,3,3,11,small,bottom,true,false,false,false,
manor_hx_30481,hx_30481,c_11,,,ordinary,15,13.0584,0.3556,0.96,0.4239,6,6,41,medium,middle,false,false,false,false,
manor_hx_30488,hx_30488,c_11,,,ordinary,14,13.2788,0.7024,0.96,0.1749,6,6,37,medium,middle,false,false,false,false,
manor_hx_30504,hx_30504,c_1,,,ordinary,85,70.1598,0.1477,0.96,0.2181,9,10,150,large,top,false,false,false,false,
manor_hx_30545,hx_30545,c_8,,,ordinary,60,42.8045,0.7,0.684,0.4933,4,4,149,large,top,false,false,false,false,
manor_hx_30749,hx_30749,c_6,,,ordinary,28,16.456,0.8423,0.5221,0.6383,4,4,37,medium,middle,false,false,false,false,
manor_hx_30751,hx_30751,c_6,county_seat,county_seat|county_castle|market_town,elite,13,12.0452,0.6218,0.96,0.7295,7,7,33,medium,middle,true,false,false,false,
manor_hx_30774,hx_30774,c_5,,,ordinary,17,13.8524,0.9118,0.7941,0.1574,5,5,49,medium,middle,false,false,false,false,
manor_hx_30778,hx_30778,c_5,,,ordinary,9,8.8273,0.8426,0.96,0.1731,7,8,15,small,middle,false,false,false,false,
manor_hx_30801,hx_30801,c_1,,,ordinary,22,19.0471,0.3333,0.96,0.3468,5,5,58,medium,top,false,false,false,false,
manor_hx_30807,hx_30807,c_1,,,ordinary,10,8.8305,0.8583,0.866,0.1623,6,6,10,small,middle,false,false,false,false,
manor_hx_30813,hx_30813,c_4,,,ordinary,16,14.4996,0.5156,0.96,0.1507,5,5,52,medium,middle,false,false,false,false,
manor_hx_30822,hx_30822,c_8,,,ordinary,22,18.6976,0.2614,0.96,0.4554,7,7,37,medium,middle,false,false,false,false,
manor_hx_31036,hx_31036,c_6,,,strategic,17,9.875,0.25,0.66,0.7536,7,8,10,small,middle,false,false,false,false,
manor_hx_31039,hx_31039,c_11,baronial_seat,baronial_seat,elite,4,3.3711,0.2292,0.96,0.6123,4,5,7,small,bottom,true,false,false,false,
manor_hx_31045,hx_31045,c_11,,,ordinary,14,12.2286,0.369,0.96,0.3297,6,6,45,medium,middle,false,false,false,false,
manor_hx_31332,hx_31332,c_11,,,ordinary,11,10.6307,0.7803,0.96,0.1224,5,6,9,small,middle,false,false,false,false,
manor_hx_31343,hx_31343,c_11,,,ordinary,23,20.3756,0.4239,0.96,0.1908,5,5,61,medium,top,false,false,false,false,
manor_hx_31352,hx_31352,c_1,baronial_seat,baronial_seat,elite,4,3.3712,0.2292,0.96,0.4362,2,2,12,small,bottom,true,false,false,false,
manor_hx_31365,hx_31365,c_1,,,ordinary,12,11.0002,0.5625,0.96,0.2838,6,6,18,small,middle,false,false,false,false,
manor_hx_31371,hx_31371,c_1,,,ordinary,12,11.3217,0.6806,0.96,0.1326,5,5,7,small,middle,false,false,false,false,
manor_hx_31596,hx_31596,c_6,abbey_site,abbey_site,elite,4,3.6102,0.5,0.96,0.7681,5,5,10,small,bottom,true,false,false,false,
manor_hx_31603,hx_31603,c_11,,,ordinary,17,14.8619,0.3725,0.96,0.4321,5,5,38,medium,middle,false,false,false,false,
manor_hx_31609,hx_31609,c_11,,,ordinary,19,17.113,0.4912,0.96,0.1766,6,6,46,medium,middle,false,false,false,false,
manor_hx_31661,hx_31661,c_8,abbey_site,abbey_site,elite,4,3.5174,0.3958,0.96,0.3036,3,4,7,small,bottom,true,false,false,false,
manor_hx_31662,hx_31662,c_8,baronial_seat,baronial_seat,elite,4,3.4622,0.3333,0.96,0.3415,3,3,9,small,bottom,true,false,false,false,
manor_hx_31874,hx_31874,c_6,,,ordinary,22,14.7092,0.8182,0.6436,0.6241,5,5,29,medium,middle,false,false,false,false,
manor_hx_31897,hx_31897,c_11,,,ordinary,16,14.8366,0.6094,0.96,0.2458,5,6,36,medium,middle,false,false,false,false,
manor_hx_31901,hx_31901,c_11,,,ordinary,13,11.9784,0.5833,0.96,0.2458,5,5,47,medium,middle,false,false,false,false,
manor_hx_31918,hx_31918,c_1,,,ordinary,32,26.9102,0.2198,0.96,0.4099,8,8,98,large,top,false,false,false,false,
manor_hx_31922,hx_31922,c_1,,,ordinary,11,9.6873,0.4015,0.96,0.4414,7,7,12,small,middle,false,false,false,false,
manor_hx_31929,hx_31929,c_1,,,ordinary,16,14.5733,0.5365,0.96,0.2207,5,6,43,medium,middle,false,false,false,false,
manor_hx_32156,hx_32156,c_6,baronial_seat,baronial_seat,elite,4,3.6476,0.5416,0.96,0.6721,4,4,7,small,bottom,true,false,false,false,
manor_hx_32201,hx_32201,c_1,baronial_seat,baronial_seat,elite,4,3.5728,0.4584,0.96,0.5045,5,5,7,small,bottom,true,false,false,false,
manor_hx_32202,hx_32202,c_1,abbey_site,abbey_site,elite,4,3.6853,0.5833,0.96,0.473,3,3,11,small,bottom,true,false,false,false,
manor_hx_32215,hx_32215,c_1,,,ordinary,38,32.6597,0.3048,0.96,0.2211,7,8,126,large,top,false,false,false,false,
manor_hx_32438,hx_32438,c_11,,,ordinary,18,15.6896,0.3611,0.96,0.6241,7,7,32,medium,middle,false,false,false,false,
manor_hx_32442,hx_32442,c_11,,,ordinary,17,15.5136,0.5441,0.96,0.4801,5,7,51,medium,middle,false,false,false,false,
manor_hx_32455,hx_32455,c_11,,,ordinary,21,18.807,0.4683,0.96,0.1756,5,6,29,medium,top,false,false,false,false,
manor_hx_32476,hx_32476,c_1,,,ordinary,21,18.0715,0.3095,0.96,0.3989,6,6,36,medium,middle,false,false,false,false,
manor_hx_32504,hx_32504,c_8,,,ordinary,119,77.8747,0.7486,0.6044,0.2449,9,9,109,large,top,false,false,false,false,
manor_hx_32727,hx_32727,c_11,,,ordinary,21,19.4257,0.5992,0.96,0.24,7,7,42,medium,top,false,false,false,false,
manor_hx_32745,hx_32745,c_0,,,ordinary,41,34.0382,0.1702,0.96,0.4008,7,8,126,large,top,false,false,false,false,
manor_hx_32757,hx_32757,c_1,abbey_site,abbey_site,elite,4,3.7041,0.6042,0.96,0.4255,4,4,8,small,bottom,true,false,false,false,
manor_hx_32767,hx_32767,c_1,,,ordinary,20,17.4741,0.6333,0.891,0.3153,6,6,31,medium,middle,false,false,false,false,
manor_hx_32996,hx_32996,c_13,,,ordinary,33,24.0691,0.596,0.7364,0.5281,5,5,51,medium,top,false,false,false,false,
manor_hx_33021,hx_33021,c_11,,,ordinary,24,20.3115,0.2447,0.96,0.3862,6,7,45,medium,top,false,false,false,false,
manor_hx_33034,hx_33034,c_1,,,ordinary,31,26.1468,0.2309,0.96,0.4008,7,7,31,medium,top,false,false,false,false,
manor_hx_33038,hx_33038,c_1,baronial_seat,baronial_seat,elite,4,3.8183,0.7292,0.96,0.3989,4,5,13,small,bottom,true,false,false,false,
manor_hx_33040,hx_33040,c_1,,,ordinary,13,11.5916,0.7179,0.8892,0.3784,7,8,8,small,middle,false,false,false,false,
manor_hx_33044,hx_33044,c_1,,,ordinary,18,13.9684,0.7685,0.7544,0.4099,6,7,36,medium,middle,false,false,false,false,
manor_hx_33292,hx_33292,c_11,,,ordinary,19,16.9073,0.443,0.96,0.2201,7,7,29,medium,middle,false,false,false,false,
manor_hx_33333,hx_33333,c_1,,,ordinary,22,19.1538,0.3561,0.96,0.2583,7,7,44,medium,top,false,false,false,false,
manor_hx_33562,hx_33562,c_11,,,ordinary,23,18.5917,0.6993,0.8183,0.4321,5,5,37,medium,middle,false,false,false,false,
manor_hx_33566,hx_33566,c_11,,,ordinary,13,11.747,0.8461,0.8877,0.288,5,5,42,medium,middle,false,false,false,false,
manor_hx_33578,hx_33578,c_11,,,ordinary,20,17.3497,0.3417,0.96,0.2809,6,6,32,medium,middle,false,false,false,false,
manor_hx_33623,hx_33623,c_8,,,ordinary,28,21.0981,0.5119,0.7793,0.2874,6,6,68,medium,top,false,false,false,false,
manor_hx_33850,hx_33850,c_11,,,ordinary,9,8.6345,0.75,0.96,0.2201,6,6,10,small,middle,false,false,false,false,
manor_hx_33891,hx_33891,c_1,,,ordinary,17,15.5012,0.7451,0.9059,0.2583,6,7,38,medium,middle,false,false,false,false,
manor_hx_33893,hx_33893,c_1,abbey_site,abbey_site,elite,4,3.7041,0.6041,0.96,0.2952,4,4,14,small,bottom,true,false,false,false,
manor_hx_33901,hx_33901,c_1,abbey_site,abbey_site,elite,4,3.4804,0.3542,0.96,0.3537,3,3,14,small,bottom,true,false,false,false,
manor_hx_33902,hx_33902,c_11,baronial_seat,baronial_seat,elite,4,3.5916,0.4792,0.96,0.3316,3,3,10,small,bottom,true,false,false,false,
manor_hx_34098,hx_34098,c_13,,,strategic,40,17.9241,0.9167,0.379,0.4438,2,2,53,medium,middle,false,false,false,false,
manor_hx_34120,hx_34120,c_11,,,ordinary,31,24.4486,0.6102,0.7968,0.336,5,5,41,medium,top,false,false,false,false,
manor_hx_34133,hx_34133,c_11,baronial_seat,baronial_seat,elite,4,3.7419,0.6459,0.96,0.2802,5,5,10,small,bottom,true,false,false,false,
manor_hx_34153,hx_34153,c_1,,,ordinary,31,25.2253,0.1377,0.949,0.6872,8,9,37,medium,top,false,false,false,false,
manor_hx_34157,hx_34157,c_1,,,ordinary,16,14.6858,0.5677,0.96,0.4581,5,6,55,medium,middle,false,false,false,false,
manor_hx_34161,hx_34161,c_1,,,ordinary,18,15.5118,0.8565,0.8311,0.2925,6,6,56,medium,middle,false,false,false,false,
manor_hx_34173,hx_34173,c_1,baronial_seat,baronial_seat,elite,4,3.8183,0.7292,0.96,0.2767,4,4,11,small,bottom,true,false,false,false,
manor_hx_34415,hx_34415,c_11,,,ordinary,10,9.2701,0.6083,0.96,0.3002,6,6,18,small,middle,false,false,false,false,
manor_hx_34426,hx_34426,c_0,abbey_site,abbey_site,elite,4,3.2084,0.04,0.96,0.5618,5,5,10,small,bottom,true,false,false,false,
manor_hx_34455,hx_34455,c_1,,,ordinary,11,10.1357,0.5833,0.96,0.2583,6,6,9,small,middle,false,false,false,false,
manor_hx_34689,hx_34689,c_11,,,ordinary,29,23.067,0.8649,0.7379,0.2001,6,6,64,medium,top,false,false,false,false,
manor_hx_34695,hx_34695,c_11,abbey_site,abbey_site,elite,4,3.8953,0.8125,0.96,0.3202,4,4,8,small,middle,true,false,false,false,
manor_hx_34699,hx_34699,c_11,,,ordinary,11,10.1357,0.5833,0.96,0.2809,5,6,8,small,middle,false,false,false,false,
manor_hx_34713,hx_34713,c_0,baronial_seat,baronial_seat,elite,4,3.281,0.125,0.96,0.8017,2,3,6,small,bottom,true,false,false,false,
manor_hx_34739,hx_34739,c_3,,,ordinary,40,31.9641,0.229,0.9025,0.2432,7,7,106,large,top,false,false,false,false,
manor_hx_34744,hx_34744,c_8,,,ordinary,124,79.9631,0.5255,0.641,0.2874,7,8,150,large,top,false,false,false,false,
manor_hx_34973,hx_34973,c_11,,,ordinary,11,9.8112,0.8636,0.8745,0.2602,5,5,9,small,middle,false,false,false,false,
manor_hx_34983,hx_34983,c_0,,,ordinary,24,20.5031,0.2812,0.96,0.4251,7,7,35,medium,top,false,false,false,false,
manor_hx_34988,hx_34988,c_0,baronial_seat,baronial_seat,elite,4,2.624,0.04,0.79,0.6299,3,4,7,small,bottom,true,false,false,false,
manor_hx_35008,hx_35008,c_1,,,ordinary,28,20.7825,0.8631,0.7107,0.1892,6,7,57,medium,top,false,false,false,false,
manor_hx_35240,hx_35240,c_13,,,ordinary,27,20.604,0.5093,0.7896,0.3652,5,5,63,medium,top,false,false,false,false,
manor_hx_35268,hx_35268,c_0,,,strategic,20,11.5428,0.0888,0.688,0.6299,7,8,18,small,middle,false,false,false,false,
manor_hx_35273,hx_35273,c_0,abbey_site,abbey_site,elite,4,3.2176,0.0508,0.96,0.9162,4,5,10,small,bottom,true,false,false,false,
manor_hx_35278,hx_35278,c_1,,,ordinary,21,18.1242,0.3214,0.96,0.6299,7,9,50,medium,middle,false,false,false,false,
manor_hx_35282,hx_35282,c_1,,,ordinary,15,14.0284,0.6444,0.96,0.4008,5,5,32,medium,middle,false,false,false,false,
manor_hx_35294,hx_35294,c_1,,,ordinary,14,12.8227,0.875,0.8929,0.203,8,8,54,medium,middle,false,false,false,false,
manor_hx_35519,hx_35519,c_13,baronial_seat,baronial_seat,elite,4,3.4988,0.375,0.96,0.4174,2,2,11,small,bottom,true,false,false,false,
manor_hx_35537,hx_35537,c_11,,,ordinary,10,9.9282,0.9167,0.96,0.2961,7,8,13,small,middle,false,false,false,false,
manor_hx_35566,hx_35566,c_1,,,ordinary,13,10.7716,0.859,0.8154,0.1718,6,6,15,small,middle,false,false,false,false,
manor_hx_35578,hx_35578,c_3,,,ordinary,27,23.6306,0.4336,0.943,0.1845,5,5,42,medium,top,false,false,false,false,
manor_hx_35791,hx_35791,c_13,abbey_site,abbey_site,elite,4,3.6809,0.6459,0.96,0.6001,3,3,11,small,bottom,true,false,false,false,
manor_hx_35793,hx_35793,c_13,county_seat,county_seat|market_town,elite,10,9.0142,0.5083,0.96,0.6858,4,4,12,small,middle,true,false,false,false,
manor_hx_35795,hx_35795,c_13,,,ordinary,51,32.5611,0.6438,0.6286,0.6001,10,10,132,large,top,false,false,false,false,
manor_hx_35818,hx_35818,c_11,baronial_seat,baronial_seat,elite,4,3.9981,0.9792,0.96,0.3172,3,3,12,small,middle,true,false,false,false,
manor_hx_35821,hx_35821,c_14,,,ordinary,10,9.4406,0.6833,0.96,0.2749,7,6,13,small,middle,false,false,false,false,
manor_hx_35833,hx_35833,c_0,,,strategic,10,5.5236,0.1163,0.654,0.8038,5,5,18,small,middle,false,false,false,false,
manor_hx_36074,hx_36074,c_13,baronial_seat,baronial_seat,elite,4,3.5728,0.4584,0.96,0.6429,2,2,11,small,bottom,true,false,false,false,
manor_hx_36099,hx_36099,c_14,county_seat,county_seat|market_town,elite,10,9.8873,0.8917,0.96,0.3384,5,6,14,small,middle,true,false,false,false,
manor_hx_36105,hx_36105,c_0,,,ordinary,22,19.3216,0.3902,0.96,0.4287,5,6,50,medium,top,false,false,false,false,
manor_hx_36116,hx_36116,c_0,,,ordinary,9,7.5905,0.2315,0.96,0.7444,5,5,14,small,middle,false,false,false,false,
manor_hx_36130,hx_36130,c_11,,,ordinary,15,13.6851,0.8389,0.8973,0.1675,7,7,41,medium,middle,false,false,false,false,
manor_hx_36362,hx_36362,c_13,,,ordinary,29,23.5322,0.5057,0.849,0.36,5,5,47,medium,top,false,false,false,false,
manor_hx_36394,hx_36394,c_0,baronial_seat,baronial_seat,elite,4,2.9565,0.4583,0.79,0.8438,1,2,9,small,bottom,true,false,false,false,
manor_hx_36404,hx_36404,c_1,,,ordinary,18,16.1551,0.4769,0.96,0.3375,6,7,48,medium,middle,false,false,false,false,
manor_hx_36414,hx_36414,c_3,baronial_seat,baronial_seat,elite,4,3.799,0.7084,0.96,0.2093,5,5,13,small,bottom,true,false,false,false,
manor_hx_36416,hx_36416,c_3,,,ordinary,12,11.2467,0.6528,0.96,0.1814,5,5,12,small,middle,false,false,false,false,
manor_hx_36638,hx_36638,c_13,abbey_site,abbey_site,elite,4,3.6665,0.5625,0.96,0.5236,4,4,9,small,bottom,true,false,false,false,
manor_hx_36639,hx_36639,c_13,,,ordinary,11,9.8741,0.4773,0.96,0.4909,5,5,17,small,middle,false,false,false,false,
manor_hx_36659,hx_36659,c_14,abbey_site,abbey_site,elite,4,3.9962,0.9584,0.96,0.2961,3,5,10,small,middle,true,false,false,false,
manor_hx_36675,hx_36675,c_0,royal_seat,royal_seat|royal_castle|county_seat|market_town,elite,22,18.1182,0.4546,0.8827,0.9,9,10,30,medium,middle,true,false,true,false,
manor_hx_36680,hx_36680,c_0,,,ordinary,11,9.7427,0.4242,0.96,0.6188,5,5,9,small,middle,false,false,false,false,
manor_hx_36688,hx_36688,c_1,,,ordinary,10,9.479,0.7,0.96,0.2171,5,5,15,small,middle,false,false,false,false,
manor_hx_36694,hx_36694,c_3,abbey_site,abbey_site,elite,4,3.761,0.6667,0.96,0.2233,3,4,14,small,bottom,true,false,false,false,
manor_hx_36913,hx_36913,c_13,,,ordinary,65,32.9164,0.8526,0.4471,0.5143,7,8,115,large,top,false,false,false,false,
manor_hx_36937,hx_36937,c_14,,,ordinary,33,23.2652,0.8687,0.6388,0.3981,6,6,50,medium,top,false,false,false,false,
manor_hx_36941,hx_36941,c_14,,,ordinary,9,8.6725,0.7685,0.96,0.302,7,7,10,small,middle,false,true,false,false,
manor_hx_36951,hx_36951,c_0,,,ordinary,17,14.0624,0.2402,0.94,0.6188,5,5,56,medium,middle,false,false,false,false,
manor_hx_36974,hx_36974,c_3,,,ordinary,11,9.9662,0.5151,0.96,0.2093,5,6,15,small,middle,false,false,false,false,
manor_hx_37225,hx_37225,c_0,,,ordinary,29,25.4959,0.3937,0.96,0.225,6,6,35,medium,top,false,false,false,false,
manor_hx_37238,hx_37238,c_0,,,ordinary,9,7.9383,0.4074,0.96,0.7313,6,6,10,small,middle,false,true,false,false,
manor_hx_37240,hx_37240,c_0,abbey_site,abbey_site,elite,4,3.7421,0.6458,0.96,0.6188,4,4,12,small,bottom,true,false,false,false,
manor_hx_37260,hx_37260,c_3,,,ordinary,97,77.0824,0.1392,0.9221,0.1416,7,10,100,large,top,false,false,false,false,
manor_hx_37277,hx_37277,c_8,baronial_seat,baronial_seat,elite,4,3.5728,0.4584,0.96,0.119,2,2,10,small,bottom,true,false,false,false,
manor_hx_37470,hx_37470,c_13,abbey_site,abbey_site,elite,4,2.5857,0.9584,0.525,0.3,1,1,13,small,bottom,true,false,false,false,
manor_hx_37484,hx_37484,c_14,,,ordinary,30,23.3032,0.7472,0.7453,0.3272,5,5,50,medium,top,false,false,false,false,
manor_hx_37515,hx_37515,c_0,,,ordinary,9,7.9749,0.4259,0.96,0.7313,5,6,12,small,middle,false,true,false,false,
manor_hx_37520,hx_37520,c_0,baronial_seat,baronial_seat,elite,4,3.799,0.7084,0.96,0.6188,5,5,9,small,bottom,true,false,false,false,
manor_hx_37527,hx_37527,c_3,,,ordinary,20,17.6616,0.4125,0.96,0.3256,6,6,48,medium,middle,false,false,false,false,
manor_hx_37532,hx_37532,c_3,,,ordinary,21,18.5872,0.4206,0.96,0.1699,6,7,31,medium,middle,false,false,false,false,
manor_hx_37757,hx_37757,c_13,,,ordinary,21,18.7773,0.5714,0.9381,0.5097,7,7,46,medium,top,false,false,false,false,
manor_hx_37761,hx_37761,c_2,,,ordinary,10,9.1211,0.7167,0.914,0.4705,8,8,14,small,middle,false,false,false,false,
manor_hx_37776,hx_37776,c_14,abbey_site,abbey_site,elite,4,2.3296,0.8125,0.5,0.5574,3,3,7,small,bottom,true,false,false,false,
manor_hx_37802,hx_37802,c_0,,,ordinary,12,11.152,0.6181,0.96,0.5065,7,8,13,small,middle,false,false,false,false,
manor_hx_38064,hx_38064,c_14,,,ordinary,21,18.7154,0.4484,0.96,0.3397,5,5,29,medium,middle,false,false,false,false,
manor_hx_38073,hx_38073,c_0,,,ordinary,16,13.889,0.3438,0.96,0.5062,6,7,40,medium,middle,false,false,false,false,
manor_hx_38075,hx_38075,c_0,abbey_site,abbey_site,elite,4,3.7421,0.6458,0.96,0.6188,5,5,13,small,bottom,true,false,false,false,
manor_hx_38076,hx_38076,c_0,baronial_seat,baronial_seat,elite,4,3.799,0.7084,0.96,0.6188,4,4,8,small,bottom,true,false,false,false,
manor_hx_38096,hx_38096,c_3,,,ordinary,56,46.1427,0.1413,0.96,0.2265,6,6,106,large,top,false,false,false,false,
manor_hx_38320,hx_38320,c_2,baronial_seat,baronial_seat,elite,4,3.761,0.6667,0.96,0.5881,4,4,12,small,bottom,true,false,false,false,
manor_hx_38341,hx_38341,c_14,,,ordinary,15,12.936,0.6667,0.868,0.4907,7,7,49,medium,middle,false,false,false,false,
manor_hx_38359,hx_38359,c_0,,,ordinary,12,7.9196,0.9167,0.6467,0.5625,8,8,14,small,middle,false,false,false,false,
manor_hx_38600,hx_38600,c_2,county_seat,county_seat|market_town,elite,10,9.4432,0.6833,0.96,0.6273,7,7,7,small,middle,true,false,false,false,
manor_hx_38601,hx_38601,c_2,abbey_site,abbey_site,elite,4,3.8374,0.75,0.96,0.5881,4,3,6,small,bottom,true,false,false,false,
manor_hx_38605,hx_38605,c_2,,,ordinary,15,13.743,0.8555,0.8973,0.4313,6,7,40,medium,middle,false,false,false,false,
manor_hx_38611,hx_38611,c_14,abbey_site,abbey_site,elite,4,3.9341,0.8542,0.96,0.5786,4,5,12,small,middle,true,false,false,false,
manor_hx_38617,hx_38617,c_14,,,ordinary,28,20.2363,0.6607,0.7129,0.5972,6,7,48,medium,top,false,false,false,false,
manor_hx_38646,hx_38646,c_0,,,ordinary,13,11.9595,0.5769,0.96,0.3618,5,5,52,medium,middle,false,false,false,false,
manor_hx_38891,hx_38891,c_2,baronial_seat,baronial_seat,elite,4,3.8758,0.7916,0.96,0.5786,4,4,9,small,bottom,true,false,false,false,
manor_hx_38917,hx_38917,c_0,,,ordinary,9,8.577,0.7222,0.96,0.45,6,6,12,small,middle,false,false,false,false,
manor_hx_38923,hx_38923,c_0,,,ordinary,12,9.8318,0.875,0.8033,0.45,6,6,9,small,middle,false,false,false,false,
manor_hx_38930,hx_38930,c_3,,,ordinary,55,45.4944,0.1561,0.96,0.2171,7,7,135,large,top,false,false,false,false,
manor_hx_39163,hx_39163,c_2,,,ordinary,13,11.997,0.5897,0.96,0.5097,5,4,31,medium,middle,false,false,false,false,
manor_hx_39169,hx_39169,c_2,,,ordinary,21,14.2414,0.9048,0.6486,0.4959,6,6,45,medium,middle,false,false,false,false,
manor_hx_39173,hx_39173,c_14,county_seat,county_seat|market_town,elite,10,9.6131,0.7583,0.96,0.6612,6,6,14,small,middle,true,false,false,false,
manor_hx_39181,hx_39181,c_14,baronial_seat,baronial_seat,elite,4,3.5728,0.4584,0.96,0.604,4,4,10,small,bottom,true,false,false,false,
manor_hx_39185,hx_39185,c_14,,,ordinary,64,52.7044,0.1392,0.96,0.453,7,7,124,large,top,false,false,false,false,
manor_hx_39194,hx_39194,c_14,,,ordinary,50,41.9406,0.2095,0.96,0.3375,7,7,121,large,top,false,false,false,false,
manor_hx_39439,hx_39439,c_2,,,ordinary,29,24.2696,0.5891,0.8648,0.4705,7,7,42,medium,top,false,false,false,false,
manor_hx_39455,hx_39455,c_14,,,ordinary,9,8.3296,0.6018,0.96,0.5786,6,6,14,small,middle,false,true,false,false,
manor_hx_39461,hx_39461,c_14,,,ordinary,14,12.1183,0.3333,0.96,0.5663,5,5,35,medium,middle,false,false,false,false,
manor_hx_39481,hx_39481,c_0,,,ordinary,10,8.8886,0.8833,0.866,0.3375,7,7,14,small,middle,false,false,false,false,
manor_hx_39737,hx_39737,c_14,baronial_seat,baronial_seat,elite,4,3.8183,0.7292,0.96,0.6449,4,4,13,small,bottom,true,false,false,false,
manor_hx_39738,hx_39738,c_14,abbey_site,abbey_site,elite,4,3.7801,0.6875,0.96,0.6879,4,4,8,small,bottom,true,false,false,false,
manor_hx_39768,hx_39768,c_0,,,ordinary,22,19.4357,0.4129,0.96,0.2533,5,5,32,medium,top,false,false,false,false,
manor_hx_39791,hx_39791,c_3,abbey_site,abbey_site,elite,4,3.3711,0.2292,0.96,0.3476,4,5,7,small,bottom,true,false,false,false,
manor_hx_39792,hx_39792,c_3,baronial_seat,baronial_seat,elite,4,3.4804,0.3541,0.96,0.3259,2,3,6,small,bottom,true,false,false,false,
manor_hx_40013,hx_40013,c_2,,,ordinary,12,9.8318,0.875,0.8033,0.5372,6,6,10,small,middle,false,false,false,false,
manor_hx_40019,hx_40019,c_14,,,ordinary,9,8.2737,0.5741,0.96,0.6449,7,7,10,small,middle,false,true,false,false,
manor_hx_40039,hx_40039,c_0,,,ordinary,17,15.4406,0.5245,0.96,0.2392,4,4,46,medium,middle,false,false,false,false,
manor_hx_40045,hx_40045,c_0,,,ordinary,12,11.341,0.6875,0.96,0.225,5,5,15,small,middle,false,false,false,false,
manor_hx_40074,hx_40074,c_8,,,ordinary,209,121.4573,0.5444,0.5756,0.2824,7,7,92,large,top,false,false,false,false,
manor_hx_40278,hx_40278,c_13,,,ordinary,19,14.9574,0.7851,0.7653,0.4064,4,5,48,medium,middle,false,false,false,false,
manor_hx_40286,hx_40286,c_2,,,ordinary,22,20.52,0.6326,0.96,0.3921,6,6,63,medium,top,false,false,false,false,
manor_hx_40341,hx_40341,c_3,baronial_seat,baronial_seat,elite,4,3.3712,0.2292,0.96,0.453,1,1,10,small,bottom,true,false,false,false,
manor_hx_40571,hx_40571,c_2,,,ordinary,14,8.9656,0.9524,0.6243,0.3719,6,7,14,small,middle,false,false,false,false,
manor_hx_40577,hx_40577,c_2,,,ordinary,9,7.8712,0.8704,0.8556,0.5159,8,8,14,small,middle,false,true,false,false,
manor_hx_40583,hx_40583,c_14,,,ordinary,81,66.5237,0.1286,0.96,0.4729,6,6,86,large,top,false,false,false,false,
manor_hx_40603,hx_40603,c_0,,,ordinary,20,17.3656,0.3437,0.96,0.186,4,4,41,medium,middle,false,false,false,false,
manor_hx_40836,hx_40836,c_13,,,ordinary,24,19.1474,0.7674,0.7742,0.5081,5,5,40,medium,top,false,false,false,false,
manor_hx_40839,hx_40839,c_2,abbey_site,abbey_site,elite,4,3.7421,0.6458,0.96,0.5081,4,4,10,small,bottom,true,false,false,false,
manor_hx_40889,hx_40889,c_0,,,ordinary,120,97.957,0.1191,0.9562,0.1085,7,8,112,large,top,false,false,false,false,
manor_hx_41119,hx_41119,c_2,baronial_seat,baronial_seat,elite,4,3.6288,0.5208,0.96,0.5589,4,4,8,small,bottom,true,false,false,false,
manor_hx_41122,hx_41122,c_2,,,ordinary,24,20.6833,0.316,0.96,0.4064,8,8,41,medium,top,false,false,false,false,
manor_hx_41135,hx_41135,c_2,,,ordinary,9,8.9943,0.9722,0.96,0.3719,6,7,12,small,middle,false,true,false,false,
manor_hx_41141,hx_41141,c_14,,,ordinary,12,10.9444,0.5417,0.96,0.4729,5,5,17,small,middle,false,false,false,false,
manor_hx_41161,hx_41161,c_12,,,ordinary,289,232.7468,0.1,0.9473,0.1329,11,12,150,large,top,false,true,false,false,
manor_hx_41188,hx_41188,c_3,,,ordinary,39,32.9279,0.2348,0.96,0.4006,7,9,150,large,top,false,false,false,false,
manor_hx_41409,hx_41409,c_2,,,ordinary,21,18.9214,0.4921,0.96,0.305,7,7,41,medium,top,false,false,false,false,
manor_hx_41465,hx_41465,c_3,,,ordinary,43,36.2163,0.2255,0.96,0.5007,7,9,111,large,top,false,false,false,false,
manor_hx_41473,hx_41473,c_3,,,ordinary,31,26.7936,0.3817,0.9452,0.3469,6,6,115,large,top,false,false,false,false,
manor_hx_41691,hx_41691,c_2,baronial_seat,baronial_seat,elite,4,3.799,0.7084,0.96,0.3486,3,3,12,small,bottom,true,false,false,false,
manor_hx_41693,hx_41693,c_2,,,ordinary,9,8.7694,0.8148,0.96,0.305,7,8,9,small,middle,false,true,false,false,
manor_hx_41699,hx_41699,c_2,,,ordinary,9,8.6538,0.7593,0.96,0.3869,5,6,8,small,middle,false,true,false,false,
manor_hx_41746,hx_41746,c_3,abbey_site,abbey_site,elite,4,3.7421,0.6458,0.96,0.5341,4,4,11,small,bottom,true,false,false,false,
manor_hx_41751,hx_41751,c_3,baronial_seat,baronial_seat,elite,4,3.7041,0.6041,0.96,0.4269,3,3,10,small,bottom,true,false,false,false,
manor_hx_41957,hx_41957,c_13,,,ordinary,12,10.5032,0.6667,0.8833,0.7113,5,5,15,small,middle,false,false,false,false,
manor_hx_41961,hx_41961,c_2,,,ordinary,14,12.5054,0.4583,0.96,0.6097,7,7,41,medium,middle,false,false,false,false,
manor_hx_41976,hx_41976,c_2,abbey_site,abbey_site,elite,4,3.9553,0.8958,0.96,0.3745,5,4,17,small,middle,true,false,false,false,
manor_hx_41977,hx_41977,c_2,baronial_seat,baronial_seat,elite,4,3.9534,0.875,0.96,0.3511,5,5,15,small,middle,true,false,false,false,
manor_hx_42026,hx_42026,c_3,baronial_seat,baronial_seat,elite,4,3.6853,0.5833,0.96,0.5007,4,4,14,small,bottom,true,false,false,false,
manor_hx_42257,hx_42257,c_2,,,ordinary,9,8.5004,0.6852,0.96,0.3511,6,6,12,small,middle,false,false,false,false,
manor_hx_42263,hx_42263,c_12,,,ordinary,99,81.2362,0.1252,0.96,0.301,6,7,134,large,top,false,false,false,false,
manor_hx_42312,hx_42312,c_3,,,ordinary,9,8.5386,0.7037,0.96,0.3735,6,6,12,small,middle,false,true,false,false,
manor_hx_42517,hx_42517,c_13,abbey_site,abbey_site,elite,4,3.8758,0.7916,0.96,0.7113,4,4,9,small,bottom,true,false,false,false,
manor_hx_42519,hx_42519,c_13,county_seat,county_seat|county_castle|market_town,elite,12,11.6101,0.7847,0.96,0.8129,9,9,13,small,middle,true,false,false,false,
manor_hx_42525,hx_42525,c_2,,,ordinary,17,14.6975,0.3284,0.96,0.5081,6,7,35,medium,middle,false,false,false,false,
manor_hx_42532,hx_42532,c_2,,,ordinary,20,17.8665,0.4583,0.96,0.2832,6,7,30,medium,middle,false,false,false,false,
manor_hx_42589,hx_42589,c_3,,,ordinary,18,14.5268,0.8657,0.7556,0.434,5,6,24,medium,middle,false,false,false,false,
manor_hx_42596,hx_42596,c_14,,,ordinary,63,42.2718,0.7712,0.639,0.2935,3,3,128,large,top,false,false,false,false,
manor_hx_42796,hx_42796,c_13,,,ordinary,17,11.2767,0.9069,0.6224,0.6097,5,5,19,small,middle,false,false,false,false,
manor_hx_42799,hx_42799,c_13,baronial_seat,baronial_seat,elite,4,3.8758,0.7916,0.96,0.7621,3,3,13,small,bottom,true,false,false,false,
manor_hx_42821,hx_42821,c_14,,,ordinary,26,22.8376,0.3894,0.96,0.2575,6,6,43,medium,top,false,false,false,false,
manor_hx_42866,hx_42866,c_3,,,ordinary,32,26.7076,0.5208,0.8738,0.4006,4,4,139,large,top,false,false,false,false,
manor_hx_43082,hx_43082,c_2,,,ordinary,9,8.3111,0.5926,0.96,0.6605,5,5,15,small,middle,false,true,false,false,
manor_hx_43096,hx_43096,c_2,,,ordinary,17,15.1402,0.4461,0.96,0.2809,6,6,41,medium,middle,false,false,false,false,
manor_hx_43364,hx_43364,c_2,abbey_site,abbey_site,elite,4,3.8183,0.7292,0.96,0.5589,5,5,8,small,bottom,true,false,false,false,
manor_hx_43369,hx_43369,c_2,,,ordinary,17,15.4013,0.5147,0.96,0.3708,6,6,25,medium,middle,false,false,false,false,
manor_hx_43434,hx_43434,c_12,,,ordinary,118,73.1054,0.8065,0.5776,0.2671,3,3,96,large,top,false,false,false,false,
manor_hx_43639,hx_43639,c_13,,,strategic,11,4.3358,0.9394,0.3527,0.6097,3,3,17,small,middle,false,true,false,false,
manor_hx_43645,hx_43645,c_2,baronial_seat,baronial_seat,elite,4,3.8181,0.7292,0.96,0.5081,4,3,14,small,bottom,true,false,false,false,
manor_hx_43646,hx_43646,c_2,,,ordinary,9,8.4437,0.6574,0.96,0.4719,7,7,9,small,middle,false,true,false,false,
manor_hx_43660,hx_43660,c_2,,,ordinary,17,14.7704,0.348,0.96,0.2341,5,5,27,medium,middle,false,false,false,false,
manor_hx_43705,hx_43705,c_0,,,ordinary,79,60.1344,0.2046,0.861,0.2671,4,5,80,large,top,false,false,false,true,
manor_hx_43933,hx_43933,c_2,,,ordinary,19,17.5828,0.6009,0.96,0.2359,6,6,49,medium,middle,false,false,false,false,
manor_hx_44204,hx_44204,c_2,,,ordinary,9,6.7097,0.9074,0.7178,0.6107,7,7,15,small,middle,false,true,false,false,
manor_hx_44484,hx_44484,c_2,,,strategic,9,6.8997,0.8889,0.7356,0.6514,3,3,10,small,middle,false,true,false,false,
manor_hx_44768,hx_44768,c_2,,,ordinary,12,8.8176,0.875,0.725,0.4885,8,7,13,small,middle,false,false,false,false,
manor_hx_44772,hx_44772,c_2,,,ordinary,12,10.7684,0.8472,0.8817,0.3257,6,6,13,small,middle,false,false,false,false,
manor_hx_44779,hx_44779,c_2,,,ordinary,19,17.4506,0.5702,0.96,0.1404,6,6,52,medium,middle,false,false,false,false,
manor_hx_45056,hx_45056,c_2,,,ordinary,14,13.4316,0.75,0.96,0.1628,6,6,51,medium,middle,false,false,false,false,
manor_hx_45063,hx_45063,c_12,,,ordinary,52,44.1984,0.2599,0.96,0.117,6,6,104,large,top,false,false,false,false,
manor_hx_45607,hx_45607,c_2,,,ordinary,16,11.6608,0.8958,0.7063,0.4885,4,4,15,small,middle,false,false,false,false,
manor_hx_45663,hx_45663,c_7,,,ordinary,148,91.108,0.5176,0.6286,0.0666,6,6,150,large,top,false,false,false,true,
manor_hx_45664,hx_45664,c_12,abbey_site,abbey_site,elite,4,3.5174,0.3958,0.96,0.071,3,3,15,small,bottom,true,false,false,false,
manor_hx_45891,hx_45891,c_10,,,ordinary,14,13.6817,0.8274,0.96,0.3664,8,8,39,medium,middle,false,false,false,false,
manor_hx_45895,hx_45895,c_10,,,ordinary,15,10.8944,0.9111,0.7093,0.2036,5,5,13,small,middle,false,false,false,false,
manor_hx_45901,hx_45901,c_10,,,ordinary,12,9.8318,0.875,0.8033,0.0808,6,6,9,small,middle,false,false,false,false,
manor_hx_45945,hx_45945,c_12,baronial_seat,baronial_seat,elite,4,3.5916,0.4792,0.96,0.0666,3,3,11,small,bottom,true,false,false,false,
manor_hx_46185,hx_46185,c_12,,,ordinary,85,70.8873,0.1858,0.96,0.0323,8,8,121,large,top,false,false,false,false,
manor_hx_46459,hx_46459,c_10,,,ordinary,14,10.8719,0.8988,0.7586,0.1455,6,6,13,small,middle,false,false,false,false,
manor_hx_46508,hx_46508,c_7,,,ordinary,275,150.3467,0.6115,0.5287,0.0532,4,4,131,large,top,false,false,false,true,
manor_hx_46733,hx_46733,c_10,baronial_seat,baronial_seat,elite,4,3.9146,0.8333,0.96,0.285,3,3,15,small,middle,true,false,false,false,
manor_hx_47012,hx_47012,c_10,,,ordinary,25,14.0389,0.9133,0.5304,0.285,6,6,30,medium,middle,false,false,false,false,
manor_hx_47014,hx_47014,c_10,abbey_site,abbey_site,elite,4,3.8758,0.7916,0.96,0.2586,4,4,11,small,bottom,true,false,false,false,
manor_hx_47016,hx_47016,c_10,,,ordinary,16,11.8344,0.8958,0.725,0.2263,7,7,47,medium,middle,false,false,false,false,
manor_hx_47023,hx_47023,c_10,,,ordinary,23,21.2745,0.6703,0.94,0.1131,5,5,62,medium,top,false,false,false,false,
manor_hx_47045,hx_47045,c_12,baronial_seat,baronial_seat,elite,4,3.3349,0.1875,0.96,0,3,3,6,small,bottom,true,false,false,false,
manor_hx_47307,hx_47307,c_10,,,ordinary,128,93.2698,0.3496,0.7883,0.0485,4,4,101,large,top,false,false,false,true,
manor_hx_47580,hx_47580,c_10,,,ordinary,65,41.8174,0.7782,0.5862,0.1616,5,5,130,large,top,false,false,false,false,
manor_hx_48136,hx_48136,c_10,,,ordinary,39,28.0481,0.8291,0.6682,0.2163,3,3,150,large,top,false,false,false,false,
manor_hx_48723,hx_48723,c_10,,,ordinary,310,204.1472,0.5346,0.6774,0,4,4,131,large,top,false,false,false,true,
